Peptide,CDR3,Score
VQYLGMFPV,CASSQNGSEAAYSNQPQHF,0.52932745
VQYLGMFPV,CASSTPGGWNTEAFF,0.49315715
VQYLGMFPV,CASNSGPNEKLFF,0.267232
VQYLGMFPV,CASSLGQGYNEQFF,0.65749186
YLDELIRNT,CASSVEGALTDTQYF,0.6327518
YLDELIRNT,CASSEPGPWAFF,0.589427
YLDELIRNT,CASSWDRGTYEQYF,0.64031
YLDELIRNT,CASSALAGGYNEQFF,0.687184
ALSYTPAEV,CASSTQGTGVYNEQFF,0.78457713
ALSYTPAEV,CASSSDRGEQFF,0.6440122
ALSYTPAEV,CASSLGQEIPYYGYTF,0.39688164
ALSYTPAEV,CASSSPSGYEQYF,0.5879767
LLIASVTWL,CASSSGGAWYTF,0.39169782
LLIASVTWL,CATSGTGGTGELFF,0.67786247
LLIASVTWL,CSVEGLAGRGYNEQFF,0.7264782
LLIASVTWL,CASSLVRDRHTEAFF,0.6606739
FLNVLFPLL,CASSHNRGYEQYF,0.7336147
FLNVLFPLL,CSAPSYRELAGAYLQETQYF,0.73150957
FLNVLFPLL,CASSRGLQETQYF,0.4075749
FLNVLFPLL,CASSIGLNTEAFF,0.48176366
ALIHHNTHL,CASSLAVQRPSGNTIYF,0.54442817
ALIHHNTHL,CASSIESGSKQRNEQFF,0.6030271
ALIHHNTHL,CASSPRDRVHEQYF,0.380216
ALIHHNTHL,CASSQSETGDGYTF,0.24274395
VLNPFIYTL,CASSQGISTGELFF,0.25673565
VLNPFIYTL,CASSQEGRQGSYNEQFF,0.28825167
VLNPFIYTL,CASTHWERVDEQFF,0.7457636
VLNPFIYTL,CASSAAGQELGYTF,0.72189486
VVTGVLVYL,CASSTSAGFSNQPQHF,0.5260534
VVTGVLVYL,CAWSGFSRTEAFF,0.10259156
VVTGVLVYL,CASSLVGGITGELFF,0.21983553
VVTGVLVYL,CASSQDPGNGNTIYF,0.3902052
LLLNMLIVL,CASSEELYNEFF,0.16967723
LLLNMLIVL,CASSLAGGTEAFF,0.48127085
LLLNMLIVL,CASSSESGELFF,0.37273923
LLLNMLIVL,CASGTELMNTEAFF,0.4385252
VLENFTIFLV,CSVELTTYEQYF,0.33806962
VLENFTIFLV,CASSSQELTEAFF,0.5372313
VLENFTIFLV,CASSIAQGGNQPQHF,0.57200426
VLENFTIFLV,CASSEGQGYEQYF,0.6266973
KLSREIMPV,CASSLASEQYF,0.41788214
KLSREIMPV,CASRGTGTGSYEQYF,0.3355852
KLSREIMPV,CASSTGGDTQYF,0.51803964
KLSREIMPV,CASSFLSSYNEQFF,0.25180072
FIYQYYSSI,CASTLGQGNTEAFF,0.25395718
FIYQYYSSI,CSADRPGQSQETQYF,0.32125896
FIYQYYSSI,CSARDRGFFRPGELFF,0.75965464
FIYQYYSSI,CASSQEPSLNTEAFF,0.13921641
KLLAGVEIV,CASSWREGFPYEQYF,0.46858835
KLLAGVEIV,CASSLPDRGGTKNIQYF,0.6984521
KLLAGVEIV,CASRNRDPNGYTF,0.75144917
KLLAGVEIV,CASSYVNGGAIGGELFF,0.78505504
FLFMYLVTV,CASSQESGGGTEAFF,0.5427065
FLFMYLVTV,CASSYTGWHEQYF,0.30070603
FLFMYLVTV,CASSPGQGYEQYF,0.17625602
FLFMYLVTV,CASSVDFGRTYNEQFF,0.51951706
VMAPRTLIL,ASSANPGDSSNEKLF,0.63093084
VMAPRTLIL,CASSANPGDSSNEKLFF,0.7311286
VMAPRTLIL,ASSQDRDTQY,0.17914006
VMAPRTLIL,CASSQDRDTQYF,0.5016237
APARLERRHSA,CASRDGRVHQPQHF,0.73107576
APARLERRHSA,CASRAVINTDTQYF,0.45052344
APARLERRHSA,CASSTTSGGAHNEQFF,0.74161196
APARLERRHSA,CASSLLKAANYGYTF,0.71009886
KLFEFLVHGV,CASTQGGVDTQYF,0.7032603
KLFEFLVHGV,CASSQGALGYTF,0.24380185
KLFEFLVHGV,CASSLGGNPTYNEQFF,0.7197787
KLFEFLVHGV,CASSLGDPNTEAFF,0.6616277
KASEKIFYV,CASSQDSHSTSTDTQYF,0.61893225
KASEKIFYV,CASSWEYEQYF,0.6559558
KASEKIFYV,CATSSFRMTGDNSPLHF,0.67370045
KASEKIFYV,CASSALFSGANVLTF,0.8135089
TAMDIFVTV,CSARDWGYEQYF,0.6454136
TAMDIFVTV,CASSLAAQGQRVTGELFF,0.48188862
TAMDIFVTV,CASSFGGLYGYTF,0.6942346
TAMDIFVTV,CASSGGQGWTDTQYF,0.34003198
KLNTITAVV,CSVEAGGVSEAFF,0.7894256
KLNTITAVV,CASSLETGGWETQYF,0.657004
KLNTITAVV,CASMRPTSYEQYF,0.8091959
KLNTITAVV,CSDGTGDGYTF,0.79274404
LMMPFSIVYI,CASSLSWEYEQYF,0.8053058
LMMPFSIVYI,CASSSQTGPYSNQPQHF,0.6086273
LMMPFSIVYI,CASSQGLNPGQGLDTEAFF,0.22764957
LMMPFSIVYI,CASSLQGSDNEQFF,0.10544258
ALIHHNTYL,CASSLAVQRPSGNTIYF,0.54540956
ALIHHNTYL,CSVVGTGSVITNEKLFF,0.41249588
ALIHHNTYL,CASSIESGSKQRNEQFF,0.76160944
ALIHHNTYL,CASSDLQENQPQHF,0.6134552
LLAIKVPNV,CAQGDYNEQFF,0.3069321
LLAIKVPNV,CASSMSGWGDTQYF,0.43766528
LLAIKVPNV,CSARDPQGFDGYTF,0.6179836
LLAIKVPNV,CASGSYEQYF,0.62850636
SIIGRLLEV,CASSPWRGPFQETQYF,0.55734134
SIIGRLLEV,CASSYFGGSLSEQYF,0.628098
SIIGRLLEV,CASSYRFDSPLHF,0.6479721
SIIGRLLEV,CASVLGGSSYNEQFF,0.7025967
EENLLDFVRF,CASSLGQAYEQYF,0.6051462
EENLLDFVRF,ASRYRDDSYNEQF,0.6235999
EENLLDFVRF,CASRYRDDSYNEQFF,0.75956833
EENLLDFVRF,CASRYRDDSYNEQF,0.5507705
YLLFMIGYT,CASSVTGRWVPLHF,0.7099326
YLLFMIGYT,CASSFASGGYNEQFF,0.6313772
YLLFMIGYT,CASSFNTEAFF,0.63362366
YLLFMIGYT,CASSHSWGETQYF,0.22154859
RMAAISNTV,CASSLAQSDSLAFF,0.69499385
RMAAISNTV,CASSSPDSNNEQFF,0.6423949
RMAAISNTV,CASSIGDYEQYF,0.59173846
RMAAISNTV,CASSLIDTGELFF,0.75331914
VYALIAGATL,CASHPVGSLTDTQYF,0.32704926
VYALIAGATL,CASSPTLYNEQFF,0.82561034
VYALIAGATL,CASSEWVFWSSYNSPLHF,0.7188932
VYALIAGATL,CASSLSYLNEQFF,0.45329362
KLSHQLVLL,CSATSGTDTQYF,0.7452484
KLSHQLVLL,CASSLGGFAGNTIYF,0.25596517
KLSHQLVLL,CASSQEIGMNEKLFF,0.7751771
KLSHQLVLL,CASSSTGALYEQYF,0.72661495
GPGMKARVL,CASSLELGDEQFF,0.17916197
GPGMKARVL,CASSLETGDEQYF,0.2399546
GPGMKARVL,CASSQETGDTQYF,0.18398452
GPGMKARVL,CASSQETGDEQYF,0.20134464
AAFKRSCLK,CASVSGQGVSPLHF,0.265036
AAFKRSCLK,CATSRDGAGLVNQPQHF,0.20729849
AAFKRSCLK,CASSQGFGANVLTF,0.6086148
AAFKRSCLK,CASSQDPGSSYNEQFF,0.7301115
FLKETGGL,CASSFEPGQGFYSNQPQHF,0.70222366
FLKETGGL,CASSFEAGQGFFSNQPQHF,0.56722593
FLKETGGL,CASSYEPGQVSHYSNQPQHF,0.16455337
FLKETGGL,CASSYLPGQGDHYSNQPQHF,0.6282027
RPHERNGFTV,CASSPARNTEAFF,0.47986835
RPHERNGFTV,CASSPHRNTEAFF,0.86478466
RPHERNGFTV,CASSQAALAGFGYEQYF,0.64954215
RPHERNGFTV,CASSPSRNTEAFF,0.7003435
FLKEQGGL,CASSFEPGQGFYSNQPQHF,0.13170218
FLKEQGGL,CASSFEAGQGFFSNQPQHF,0.3686682
FLKEQGGL,CASSYEPGQVSHYSNQPQHF,0.8369137
FLKEQGGL,CASSYLPGQGDHYSNQPQHF,0.6950838
FLKEMGGL,CASSFEPGQGFYSNQPQHF,0.6570035
FLKEMGGL,CASSFEAGQGFFSNQPQHF,0.65797246
FLKEMGGL,CASSYEPGQVSHYSNQPQHF,0.59233284
FLKEMGGL,CASSYLPGQGDHYSNQPQHF,0.6109577
HMTEVVRHC,CASSEGLWQVGDEQYF,0.67313254
HMTEVVRHC,CASSLDPGDTGELFF,0.73513144
HMTEVVRHC,CAISELVTGDSPLHF,0.31197298
HMTEVVRHC,CASSIQQGADTQYF,0.7199909
TLNAWVKVV,CASSYRGQSYEQYF,0.6522989
TLNAWVKVV,CSARDAGGDYGYTF,0.5633028
TLNAWVKVV,CASSLVPQGEEQYF,0.5928811
TLNAWVKVV,CASSEEGAWNTGELFF,0.37865388
FYGKTILWF,CASSLGAAPQETQYF,0.40787232
FYGKTILWF,CASSTRVVAGNNEQFF,0.62693495
FYGKTILWF,CASSLGQGCSNQPQHF,0.8107128
FYGKTILWF,CASSRGTLHYGYTF,0.81355006
GQFLTPNSH,CAISEVGTGSSGNTIYF,0.65622145
GQFLTPNSH,CASRFVAPSDGYNEQFF,0.73381674
GQFLTPNSH,CASSLGQGRVEQYF,0.69619685
GQFLTPNSH,CAITSGQGNNEQYF,0.79891783
ESEERPPTPY,CASSSEGQFNEQFF,0.6282208
ESEERPPTPY,CASSYGIYEQFF,0.7434702
ESEERPPTPY,CASSPEGVFNEQFF,0.5032866
ESEERPPTPY,CASSWEGQYNEQFF,0.7642655
CCIEVINNT,CASSVLNTGELFF,0.75572026
CCIEVINNT,CASSDTPDLNTEAFF,0.7546831
CCIEVINNT,CASRGQNTGELFF,0.4635746
CCIEVINNT,CASRSQNYYGYTF,0.37007785
AMAGSLVFL,CASSPMTDSTDTQYF,0.5484508
AMAGSLVFL,CASSQDLGTGNTIYF,0.62972635
AMAGSLVFL,CASSPTPGTGETQYF,0.46266127
FIDCYLLAI,CSADRPGQSQETQYF,0.5210812
FIDCYLLAI,CASSPHTEAFF,0.63779664
FIDCYLLAI,CASDSNYGYTF,0.48383808
ILIVMVPFL,CASSLVGADRSGELFF,0.67122346
ILIVMVPFL,CASSAFGIVADTQYF,0.51501334
ILIVMVPFL,CASSPGTTTNEKLFF,0.4029079
LAMPFATPM,CASSLPLGYEQYF,0.31567162
LAMPFATPM,CASSLGTSGIQFF,0.5527812
LAMPFATPM,CASSYRTGSDEQFF,0.43221253
LMVLHSPSL,CASSFFPGELFF,0.3160918
LMVLHSPSL,CASSGRDRNF,0.5214533
LMVLHSPSL,CASSLSGFGNTIYF,0.5929505
LLAMKVPNV,CSAETGRDLEAFF,0.42303044
LLAMKVPNV,CAQGDYNEQFF,0.35149977
LLAMKVPNV,CASSQDNNEQFF,0.68647474
FIFSYVVAV,CASSDQGALSSYEQYF,0.51437473
FIFSYVVAV,CASSLSVFPGRAEQYF,0.4533391
FIFSYVVAV,CASSKGLRQFF,0.34916008
ILLDWAANV,CASSYFRQSYEQYF,0.34701687
ILLDWAANV,CASSAGPWGYTF,0.19438234
ILLDWAANV,CASSGDKNEAFF,0.18905504
QLLVSLWGL,CATSRGPTQAPYEETQYF,0.43404296
QLLVSLWGL,CASSLVGADRSGELFF,0.23701058
QLLVSLWGL,CSARDPVGGSNTGELFF,0.4421611
KLPLDINPV,CASSLASGNEQFF,0.67097515
KLPLDINPV,CASSLNPGTSYEQYF,0.7244996
KLPLDINPV,CAISRGDTEAFF,0.45773637
LLFGFPVYV,ASRPGLAGGRPEQY,0.65944606
LLFGFPVYV,ASSYPGGGFYEQY,0.8131248
LLFGFPVYV,CASRPGLAGGRPEQYF,0.8354445
VLMGGVPGVE,CASSFWGLGELFF,0.7926681
VLMGGVPGVE,CASSQGWDEQYF,0.35533634
VLMGGVPGVE,CASSTLSGNYNEQFF,0.71213746
LVMPFSIVYI,CSAETGRDLEAFF,0.8309853
LVMPFSIVYI,CASSQGLNPGQGLDTEAFF,0.59063125
LVMPFSIVYI,CASSLTGLLNTEAFF,0.642558
FIDQYYSSI,CASSLGPSLYEQYF,0.82978284
FIDQYYSSI,CASSFWSGGTYEQYF,0.8988886
FIDQYYSSI,CASSMTVMNTEAFF,0.2090128
MLSILALVRV,CASIGVSYEQYF,0.5965526
MLSILALVRV,CASNPGTDFNTGELFF,0.38497406
MLSILALVRV,CASSYARDRNTEAFF,0.64217126
YMFLASPSV,CASSGRQGIDTEAFF,0.46774969
YMFLASPSV,CASSPYSGANVLTF,0.55814457
YMFLASPSV,CASSPDRFYEQYF,0.47648245
YLQDSMATT,CASSISTEAFF,0.4508665
YLQDSMATT,CASSVEGSSYNEQFF,0.5880544
YLQDSMATT,CASSLNTEAFF,0.5666758
AVYDGREHTV,CASSSDQNGDPYEQYF,0.5171874
AVYDGREHTV,CASSFLMTSGDYEQYF,0.5323088
AVYDGREHTV,ASSSDQNSGDPYEQYF,0.6305889
FLDEFMEAV,CASSLVTGGGEAFF,0.42845735
FLDEFMEAV,CATSAKTRLNTEAFF,0.70820916
FLDEFMEAV,CSARQTSGGSSYNEQFF,0.6955751
FLNDLLSVL,CASIETESTGELFF,0.6475934
FLNDLLSVL,CASSIGTVNRGPNTEAFF,0.69176257
FLNDLLSVL,CASSESSSTGGKWDTQYF,0.7105577
AVGSHVYSV,CASSVDGGPQETQYF,0.27075306
AVGSHVYSV,CASSLAYEQYF,0.29298437
AVGSHVYSV,CASSFRGEAFF,0.70158315
WLSLLVPFV,CASSQQGVWGTGELFF,0.7090589
WLSLLVPFV,CASSQTIGTGFSNEQFF,0.5053124
WLSLLVPFV,CASSLGQGGVGEKLFF,0.38432074
FLFTFFASI,CSAIVFSRGGDEQFF,0.22562855
FLFTFFASI,CASSLRGTGSYEQYF,0.47054327
FLFTFFASI,CASSLQGGGGYTF,0.61855906
YLLAIFSGL,CASTLGQGNTEAFF,0.6276872
YLLAIFSGL,CASSGSGASTDTQYF,0.76304907
YLLAIFSGL,CASSLPDRGGTKNIQYF,0.75415766
GILEFVFTL,ASSSRSSYEQY,0.6952776
GILEFVFTL,ASSIRSSYEQY,0.6717106
GILEFVFTL,CASSIRSSYEQYF,0.8815658
TMSFSHLFYL,CASSIDRTVGNTIYF,0.5237448
TMSFSHLFYL,CASSLGGGGPQETQYF,0.45269236
TMSFSHLFYL,CASSPDPSGNEQFF,0.21136151
IPLTEEAEL,ASRTRGGTLIEQY,0.67426133
IPLTEEAEL,CASRTRGGTLIEQYF,0.6107257
IPLTEEAEL,CASSFRGGKTQYF,0.5834111
LIFNMLYWI,CASSSQTGPYSNQPQHF,0.7441503
LIFNMLYWI,CASSLAQSDSLAFF,0.72753364
LIFNMLYWI,CASFNTGELFF,0.6790253
FMIGYASAL,CSARDRSGIDTQYF,0.6615628
FMIGYASAL,CASSDRQGIATGELFF,0.7692095
FMIGYASAL,CASSFGSGNTIYF,0.5788559
ILLDWAANI,CASSYFRQSYEQYF,0.62742424
ILLDWAANI,CASSAGPWGYTF,0.747294
ILLDWAANI,CASSGDKNEAFF,0.734011
TMAAISNTV,CASSVTSDQTQYF,0.6951788
TMAAISNTV,CASSQWGGNEQFF,0.67917836
TMAAISNTV,CASSFLLYNEQFF,0.78925073
GLMAIAWFI,CASSYQTGPYSNQPQHF,0.34491682
GLMAIAWFI,CSARVQGAYEQYF,0.69452405
GLMAIAWFI,CSARAGLRESTDTQYF,0.39588517
FILDAVQRV,CASSEIASYNEQFF,0.58274126
FILDAVQRV,CATSRTDISYEQYF,0.60672563
FILDAVQRV,CASSLFARGGPTDTQYF,0.8312452
KLYGLDWAEL,CASRPSRGTNYGYTF,0.62316763
KLYGLDWAEL,CASSERGMVEAFF,0.5820273
KLYGLDWAEL,CASSPRNLGPSGSYEQYF,0.55870247
YILEETSVM,CASSLVGGTGSVSYQFF,0.5889939
YILEETSVM,CASSVDGTGGALGNTIYF,0.68145347
YILEETSVM,CAWSWGDSTNSPLHF,0.7461513
SSCMGGMNWR,CASNLGGGSTDTQYF,0.67961633
SSCMGGMNWR,CASSLGTGSTDTQYF,0.65769863
SSCMGGMNWR,CASSFGSGSTDTQYF,0.34529692
KINAWIKVV,CSASRDSYEQYF,0.7123638
KINAWIKVV,CSAFSSGTGGVTGELFF,0.5342599
KINAWIKVV,CASSPRGDWEEKAGELFF,0.60656756
ARNLVPMVATVQGQN,CATESTGIGGYTF,0.5722263
ARNLVPMVATVQGQN,CASTDGQKNSPLHF,0.60159683
ARNLVPMVATVQGQN,CASSYNSAGYNEQFF,0.47823507
YMDGTMSQV,CASSLVMDNYGYTF,0.19067423
YMDGTMSQV,CSVTGTGLFDEQYF,0.37190092
YMDGTMSQV,CASSLGQGLSYEQYF,0.284905
LIFNMFYWI,CASSFGQGYEQYF,0.38112283
LIFNMFYWI,CATSGGQSNEKLFF,0.27321708
LIFNMFYWI,CASSPGGTNEKLFF,0.3989638
NNILIATCV,CASSVLNTGELFF,0.49666345
NNILIATCV,CASSDTPDLNTEAFF,0.31366438
NNILIATCV,CASRGQNTGELFF,0.3087725
YVVTWIVGA,CASSPHSGGDPRNEQFF,0.3112687
YVVTWIVGA,CASLEAGGETQYF,0.3473421
YVVTWIVGA,CASSESGAAYTGELFF,0.7550618
LHMEFCSCC,CASSVLNTGELFF,0.3042364
LHMEFCSCC,CAIRQFDANTGELFF,0.3371682
LHMEFCSCC,CASRGQNTGELFF,0.5288951
CHIPVEPNT,CASSVLNTGELFF,0.62690926
CHIPVEPNT,CASSIIAGSSYNEQFF,0.53535104
CHIPVEPNT,CASRGQNTGELFF,0.5649375
YLEAGPVTA,ASSFIGGTDTQYFG,0.52158
YLEAGPVTA,ASSFIGGTDTQY,0.4454619
YLEAGPVTA,ASSIGGPYEQYFG,0.2871904
YLEPGAVTA,ASSFIGGTDTQYFG,0.295391
YLEPGAVTA,ASSFIGGTDTQY,0.7913349
YLEPGAVTA,ASSIGGPYEQYFG,0.388247
CLLGTYTQDV,CASSQERGGPDTQYF,0.71473706
CLLGTYTQDV,CSVDLEANYGYTF,0.70864016
CLLGTYTQDV,CASSSTGGGEKDQPQHF,0.5895968
SILDAVQRV,CASSEIASYNEQFF,0.59851366
SILDAVQRV,CATSRTDISYEQYF,0.6608479
SILDAVQRV,CASSLFARGGPTDTQYF,0.7313074
IMIEFCPGG,CASSVLNTGELFF,0.8710338
IMIEFCPGG,CASSIIAGSSYNEQFF,0.8686116
IMIEFCPGG,CASRGQNTGELFF,0.16625825
RCMLQCPSV,CASSVLNTGELFF,0.52242255
RCMLQCPSV,CAIRQFDANTGELFF,0.6166331
RCMLQCPSV,CASRGQNTGELFF,0.44629198
GTSGSPIVAR,CASSLGQGLLYGYT,0.46411905
GTSGSPIVAR,CASTTGGGGYEQY,0.6461153
GTSGSPIVAR,CASSLGQGSYEQY,0.15832451
KTVGIYPNA,CASSVLNTGELFF,0.20892765
KTVGIYPNA,CASSIIAGSSYNEQFF,0.37714422
KTVGIYPNA,CASRGQNTGELFF,0.5664447
CLLWSFQTSA,CASNDRGMFNEQFF,0.13765426
CLLWSFQTSA,CASSQDQGITEAFF,0.6887661
CLLWSFQTSA,CASSDAGGHTDTQYF,0.62893975
GTSGSPIVDR,CASSLGQGLLYGYT,0.6790796
GTSGSPIVDR,CASTTGGGGYEQY,0.7359693
GTSGSPIVDR,CASSLGQGSYEQY,0.22565266
YHSIEWAI,CASSPGPNQPQHF,0.7317926
YHSIEWAI,CASSFRDEDPGNTIYF,0.57506037
YHSIEWAI,CASTPTGNTEAFF,0.58936334
FLNDLLSVM,CASIETESTGELFF,0.5662424
FLNDLLSVM,CASSIGTVNRGPNTEAFF,0.31401354
FLNDLLSVM,CASSESSSTGGKWDTQYF,0.53806627
ALEPGPVTA,ASSFIGGTDTQYFG,0.5788445
ALEPGPVTA,ASSFIGGTDTQY,0.55830824
ALEPGPVTA,ASSIGGPYEQYFG,0.36184162
GTSGAPIVNR,CASSLGQGLLYGYT,0.32763848
GTSGAPIVNR,CASTTGGGGYEQY,0.47878543
GTSGAPIVNR,CASSLGQGSYEQY,0.53626895
FDVMVMPNL,CASSVLNTGELFF,0.15381473
FDVMVMPNL,CASSIIAGSSYNEQFF,0.56998515
FDVMVMPNL,CASRGQNTGELFF,0.2555047
YLEPGPATA,ASSFIGGTDTQYFG,0.46117747
YLEPGPATA,ASSFIGGTDTQY,0.63310474
YLEPGPATA,ASSIGGPYEQYFG,0.56977993
GAVECCPNC,CASSVLNTGELFF,0.66756153
GAVECCPNC,CASRGQNTGELFF,0.5531448
GAVECCPNC,CASSILGASNQPQHF,0.59427357
YLEPGPVAA,ASSFIGGTDTQYFG,0.42527664
YLEPGPVAA,ASSFIGGTDTQY,0.34053344
YLEPGPVAA,ASSIGGPYEQYFG,0.3253239
RYPLTLGWCF,ASSSWDTGELF,0.33968753
RYPLTLGWCF,CASSSWDTGELFF,0.38613275
MLLKHDVSL,CASSLNMNTEAFF,0.53824186
MLLKHDVSL,CASRNTGTTNEKLFF,0.391553
RHDLPPYRVYL,CASSSTGADSHEQFF,0.6451626
RHDLPPYRVYL,CASRLVRKKGEDQPQHF,0.5657232
FLGIYTVTV,CASSQESGGGTEAFF,0.41269475
FLGIYTVTV,CASSDNDWRLQYF,0.58349746
SVLENFTIFL,CASSDPRGQPNQPQHF,0.53518957
SVLENFTIFL,CASTQPVDMNTEAFF,0.72454065
GILGLVFTL,ASSSRSSYEQY,0.7964916
GILGLVFTL,CASSSRSSYEQYF,0.22125123
SLYNTIATL,ASSDTVSYEQY,0.32001787
SLYNTIATL,CASSDTVSYEQYF,0.737847
TLSKPSPMPV,CASSYSPGTGNTIYF,0.8555424
TLSKPSPMPV,CASSLADVGQYDTDTQYF,0.82754165
EEYLKAWTF,CASSLGQAYEQYF,0.6845702
EEYLKAWTF,ASSLGQAYEQY,0.5256034
VMAPRTLVL,ASSANPGDSSNEKLF,0.47141883
VMAPRTLVL,CASSANPGDSSNEKLFF,0.26447737
FMLLTQARI,CASSEDAGNYGYTF,0.50633395
FMLLTQARI,CAGWDRTPYEQYF,0.7029643
MLWGYLQYV,ASRPGLAGGRPEQY,0.2107867
MLWGYLQYV,CASRPGLAGGRPEQYF,0.3679158
YQFGPDFPIA,CASSLWEKLAKNIQYF,0.35490215
YQFGPDFPIA,ASSLWEKLAKNIQY,0.6567645
YLLFMIGYA,CASSFASGGYNEQFF,0.6697338
YLLFMIGYA,CASSHSWGETQYF,0.6858908
FLASPSVPL,CASSQGGQDGHGTTNEKLFF,0.6098384
FLASPSVPL,CASIQDRDRPNSPLHF,0.80001044
LMLWASSSI,CASSQDWGAEAFF,0.7965292
LMLWASSSI,CASSQEQLGGEQYF,0.45479694
HPVGQADYFEY,ASSARSGELF,0.43150035
HPVGQADYFEY,CASSARSGELFF,0.36104688
ILGGQVVHTV,CATPSRAQYDYGYTF,0.6914105
ILGGQVVHTV,CAWSSSVNTEAFF,0.34872395
RQFGPDFPTI,CASSLWEKLAKNIQYF,0.15310347
RQFGPDFPTI,ASSLWEKLAKNIQY,0.1398365
AQWGPDPAAA,CASSLWEKLAKNIQYF,0.5400616
AQWGPDPAAA,ASSLWEKLAKNIQY,0.5071105
GEEDGAGGHSL,CASSQAGGTGELFF,0.68869245
GEEDGAGGHSL,CASSRSTGGSGNTIYF,0.4997921
SVLENFTILL,CASSENTGELFF,0.512997
SVLENFTILL,CASRIPDRNEQFF,0.6364943
ESDPIVAQY,CASSFNMATGQYF,0.6629235
ESDPIVAQY,ASSFNMATGQY,0.6497632
VLLGVKLFGV,CASSSPRSSRDTDTQYF,0.5890232
VLLGVKLFGV,CASSSGYNEQFF,0.66582704
SLDLTTSPV,CASTPGTSASRDTQYF,0.4737623
SLDLTTSPV,CASSIGGQRYNEQFF,0.6063423
VLLGVKLSGV,CAWSVGNYGYTF,0.52533805
VLLGVKLSGV,CASSSAGTEAFF,0.7255675
ALWGPDPAAA,CASSLWEKLAKNIQYF,0.6639391
ALWGPDPAAA,ASSLWEKLAKNIQY,0.17231108
FLMASISSS,CASSLNTEAFF,0.32436168
FLMASISSS,CASSVDGTEETQYF,0.2774662
FLDEFMEGV,CASSLVTGGGEAFF,0.44450516
FLDEFMEGV,CATSAKTRLNTEAFF,0.35673678
RLIKHYPGI,CASSSSSGDEQYF,0.23333824
RLIKHYPGI,CASSSNIWSPDTQYF,0.54930043
TAMDLFVTV,CSARNRASYNSPLHF,0.19501977
TAMDLFVTV,CSARDWGYEQYF,0.19859797
ILAKFLHWL,ASSYQGTEAF,0.3500729
ILAKFLHWL,CASSYQGTEAFF,0.71570194
RLLPLLALL,CASSQDIGNFEQFF,0.54290223
RLLPLLALL,CSALTGNQPQHF,0.6394991
CPSQEPMSIYVY,CASRPGTSSYEQYF,0.57986754
CPSQEPMSIYVY,CASRPGTASYEQYF,0.39213815
RQFGPDWIVA,CASSLWEKLAKNIQYF,0.63303775
RQFGPDWIVA,ASSLWEKLAKNIQY,0.54814595
YLWPPVQLA,CASSLASQVETQYF,0.21412012
YLWPPVQLA,CASSYGLEQYF,0.31569657
ILDQVPFSV,CASSMGGTYEQYF,0.38651815
ILDQVPFSV,ASSPGGNEQL,0.5113331
GVYDGREHTV,CASSFLMTSGDPYEQYF,0.56079775
GVYDGREHTV,ASSSDQNSGDPYEQYF,0.67021984
YLGGPDFPTI,CASSLWEKLAKNIQYF,0.1356879
YLGGPDFPTI,ASSLWEKLAKNIQY,0.6957697
RQWGPDPAAV,CASSLWEKLAKNIQYF,0.7223575
RQWGPDPAAV,ASSLWEKLAKNIQY,0.28415433
FLTVFSPFM,CASSPWTGAEKLFF,0.4456007
FLTVFSPFM,CASSQDRGKDTQYF,0.19331871
HPVGDADYFEY,ASSARSGELF,0.23702006
HPVGDADYFEY,CASSARSGELFF,0.80482256
KLSELHTYI,CASSYGQPNTEAFF,0.8441966
KLSELHTYI,CASSFGGASEAFF,0.73550457
MLGEQLFPL,CASSFGSGEQFF,0.68557256
MLGEQLFPL,CASSYGNTGELFF,0.4188844
FLSDHLYLV,CASSFRGNTGELFF,0.36833888
FLSDHLYLV,CASSVAGGSGNTIYF,0.7637366
FIMGISILL,CASSEMDGSNQPQHF,0.62981987
FIMGISILL,CASSYGVNTEAFF,0.7253617
KLPLDIDPV,CASTYRDSGNTIYF,0.73961186
KLPLDIDPV,CAISRGDTEAFF,0.7236257
SLFNTIAVL,ASSDTVSYEQY,0.822719
SLFNTIAVL,CASSDTVSYEQYF,0.7687007
LLFGYPVAV,ASRPGLAGGRPEQY,0.32669595
LLFGYPVAV,CASRPGLAGGRPEQYF,0.30691233
LLFGYAVYV,ASRPGLAGGRPEQY,0.3750078
LLFGYAVYV,CASRPGLAGGRPEQYF,0.48944363
KLANPLPYT,CSARGGGFETQYF,0.5342199
KLANPLPYT,CASSLGPGGASYTF,0.38818404
EEYLQAFTY,CASSLGQAYEQYF,0.70329344
EEYLQAFTY,ASSLGQAYEQY,0.25000837
EVDPIGHLY,CASSFNMATGQYF,0.6693638
EVDPIGHLY,ASSFNMATGQY,0.48758817
LMVPHSPSL,CASGGDAYEQYF,0.5741359
LMVPHSPSL,CASIPVGSRNTIYF,0.73722327
LGYGFVNYI,ASRPGLAGGRPEQY,0.8249321
LGYGFVNYI,CASRPGLAGGRPEQYF,0.35856056
MVWGPDPLYV,CASSLWEKLAKNIQYF,0.3309514
MVWGPDPLYV,ASSLWEKLAKNIQY,0.22445643
GLYDGMEHL,CASTSYTEAFF,0.6970539
GLYDGMEHL,CAGMTVTEAFF,0.46459875
ILIVMFPFL,CASSPVGDTQYF,0.21300963
ILIVMFPFL,CSVQGNSEAFF,0.31575182
LLFGYPRYV,ASRPGLAGGRPEQY,0.6834868
LLFGYPRYV,CASRPGLAGGRPEQYF,0.55392015
LIIPCIHLI,CASSFPDRGQGVYGYTF,0.61370265
LIIPCIHLI,CASSWWLNTEAFF,0.28748125
TEDEHFEFY,CSVEDRRGPFYGYTF,0.7549627
TEDEHFEFY,CASSNRGYDEQYF,0.83042705
SAYGEPRKL,CASRLWFWALEAF,0.80375063
SAYGEPRKL,CASLAGQGYNEQF,0.44611308
KMDYFSGQL,CASSRDFVSNEQYF,0.8909734
KMDYFSGQL,CASSRDTVNTEAFF,0.7706866
SMDWFQGQM,CASSRDFVSNEQYF,0.6851826
SMDWFQGQM,CASSRDTVNTEAFF,0.16846475
GEIYKRWII,CASSHTTGGRTEAFF,0.40325874
GEIYKRWII,CASSTKAGGLADTQYF,0.37157205
MMDFFNAQM,CASSRDFVSNEQYF,0.17897527
MMDFFNAQM,CASSRDTVNTEAFF,0.17267257
LMDYWQGQL,CASSRDFVSNEQYF,0.36785087
LMDYWQGQL,CASSRDTVNTEAFF,0.6852617
FPQGEAREL,CASSPRGRDETQYF,0.5677192
FPQGEAREL,CASSPRGREETQYF,0.7178474
FQAQHIAMA,CASSLRSSYEQYF,0.49929476
FQAQHIAMA,CASSPGGEGEQYF,0.5655351
NLQREEYTV,CASSTSAANQPQHF,0.41685095
NLQREEYTV,CASSGGTGYEQYF,0.6432333
LSEFCRVLCCYVLEE,CASSFATGTAYGYTF,0.8107775
LSEFCRVLCCYVLEE,CASSNPQGAKYEQFF,0.5140431
YHSIEWA,CASSPGPNQPQHF,0.71073693
YHSIEWA,CASTPTGNTEAFF,0.55343324
AARAVFLAL,CASLGAQNNEQF,0.62669486
AARAVFLAL,CASSYSTGDEQYF,0.22791284
WLIRETQPITK,CASSLDFSRQETQYF,0.82331747
WLIRETQPITK,CASSLYLASNTGELFF,0.25051612
FMPDFDLHL,CASSLYRGTGELFF,0.33823037
FMPDFDLHL,CASSESRSGNQPQHF,0.4203126
KVDPIGHVY,CASSFDRGYGYTF,0.22838879
KVDPIGHVY,CASSSQGGYGYTF,0.25598505
NMMWFQGQL,CASSRDFVSNEQYF,0.22212964
NMMWFQGQL,CASSRDTVNTEAFF,0.6090503
YFFWGLWAL,CASSLIRGSYEQYF,0.31964475
YFFWGLWAL,CSARDRNYGYTF,0.7220807
GLLDEDFYA,CASSDRNTNYGYTF,0.65139973
GLLDEDFYA,CASSMRVQSNTGELFF,0.63561606
IMLEALERV,CASSESGRAEAFF,0.7740196
IMLEALERV,CASSPGKTEAFF,0.73474586
VQIISCQY,CASSGRVTGGFYNEQFF,0.08782195
VQIISCQY,CASSFGGAYEQYF,0.09928456
CVETMCNEY,CASSLARNQPQHF,0.1833744
CVETMCNEY,CASGGADMKTEAFF,0.07312552
KTFPPTEPK,CASSRAGTGYNEQFF,0.12807071
KTFPPTEPK,CASSPSVYFEVSGANVLTF,0.12306503
APRGPHGGAASAL,CASQTFSPGQTQF,0.13728115
APRGPHGGAASAL,CAILGQGYGYTF,0.13084996
YLRGRAYGL,ASSLGQAYEQY,0.58122873
YLRGRAYGL,ASSFTWTSGGATDTQY,0.6492497
TLRGRAYGL,ASSLGQAYEQY,0.6886165
TLRGRAYGL,ASSFTWTSGGATDTQY,0.81564605
KLSGLGINAV,ASRRGSLELV,0.82132053
KLSGLGINAV,ASRRSAYLQY,0.71555066
ELAGIGILAV,AWSETGLGMGGWQ,0.8339592
ELAGIGILAV,RPGWMAGL,0.24001239
VQYLGMLPV,CASSQNGSEAAYSNQPQHF,0.5102051
VQYLGMLPV,CASSTPGGWNTEAFF,0.28227338
ELAGIAILTV,AWSETGLGMGGWQ,0.28714043
ELAGIAILTV,RPGWMAGL,0.50141585
RVIGMPPPV,CASSIGDYEQYF,0.21891442
RVIGMPPPV,CASSTGADLTYEQYF,0.77454996
KIILFLPCI,CASSVLNTGELFF,0.72285855
KIILFLPCI,CASRGQNTGELFF,0.43519706
ALRGMGVNAV,ASRRGSLELV,0.61430967
ALRGMGVNAV,ASRRSAYLQY,0.5502746
ELAGIGIATV,AWSETGLGMGGWQ,0.31648785
ELAGIGIATV,RPGWMAGL,0.23442148
QLTSLGLNAV,ASRRGSLELV,0.23748365
QLTSLGLNAV,ASRRSAYLQY,0.6361642
FLRGRAYVL,ASSLGQAYEQY,0.74962497
FLRGRAYVL,ASSFTWTSGGATDTQY,0.7561874
MIISHLSLI,CASREQGMNTEAFF,0.4389746
MIISHLSLI,CASRPRQVETQYF,0.7213825
KLKSLGLNAV,ASRRGSLELV,0.3438607
KLKSLGLNAV,ASRRSAYLQY,0.33533186
ELAAIGILTV,AWSETGLGMGGWQ,0.6670922
ELAAIGILTV,RPGWMAGL,0.7527698
APRGPHGGAASGA,CASQTFSPGQTQF,0.6941849
APRGPHGGAASGA,CAILGQGYGYTF,0.69763803
FMLLTQARL,CASSEDAGNYGYTF,0.7306243
FMLLTQARL,CAGWDRTPYEQYF,0.7573012
ALAGIGILTV,AWSETGLGMGGWQ,0.7451234
ALAGIGILTV,RPGWMAGL,0.43986404
APRGPHAGAASGL,CASQTFSPGQTQF,0.5640429
APRGPHAGAASGL,CAILGQGYGYTF,0.53395575
QLRTLGLNAV,ASRRGSLELV,0.8087872
QLRTLGLNAV,ASRRSAYLQY,0.7396086
AARGPHGGAASGL,CASQTFSPGQTQF,0.4544779
AARGPHGGAASGL,CAILGQGYGYTF,0.42624295
NLVAMVATV,ASSPVTGGIYGYT,0.7386968
NLVAMVATV,CASSLAPGTTNEKLFF,0.60681474
LLFNILGGWV,CASLGLEYEQYF,0.5584965
LLFNILGGWV,CATRGGEGQPQHF,0.5315008
TSTLQEQIGW,CASSQARGGAETQYF,0.43956652
TSTLQEQIGW,CAISRQGARQETQYF,0.21825339
QDVEIPPNI,CASSVLNTGELFF,0.648546
QDVEIPPNI,CASRGQNTGELFF,0.8224019
SYMIMEIEL,CASSQGIAGSNQPQHF,0.45075983
SYMIMEIEL,CASRDHRVIYGYTF,0.42764634
FLRGRAFGL,ASSLGQAYEQY,0.25541782
FLRGRAFGL,ASSFTWTSGGATDTQY,0.72476816
KLVVLGINAV,ASRRGSLELV,0.82337505
KLVVLGINAV,ASRRSAYLQY,0.744907
QLRSLGLNAV,ASRRGSLELV,0.7621266
QLRSLGLNAV,ASRRSAYLQY,0.08210554
RLMKHYPGI,CASSSSSGDEQYF,0.6658679
RLMKHYPGI,CASSSNIWSPDTQYF,0.6397955
QLSSLGLNAV,ASRRGSLELV,0.7092138
QLSSLGLNAV,ASRRSAYLQY,0.49524
APRGPHGGAAAGL,CASQTFSPGQTQF,0.62636906
APRGPHGGAAAGL,CAILGQGYGYTF,0.5432819
KLSELHAYI,CASSFGGASEAFF,0.34097424
RLWEPLRVV,CASSLAAGGGETQYF,0.32372046
YMLTLHTKL,CASSFGQEEGQPQHF,0.27249038
HIAKSPFEV,CASSSGTGAYEQYF,0.4645067
RVRFFFPSL,CASSLASGSNQPQHF,0.17698912
NLFNRYLAL,CASSDGNEQFF,0.17256668
TLFTMVGTV,CASSPTAEAFF,0.19648749
FVYVFTTHL,CASSFNYNEQFF,0.35265657
YLVALGINAV,CASSFLGTGLNEQYF,0.85621214
KLSHQPVLL,CASSFSATGELFF,0.72779846
NLAQTDLATV,CASSHRGSGNTIYF,0.81311643
VYFFLPDHL,CASSLLPEGTGRVSGYTF,0.7887215
KIFGSLAFL,CASSLEIFGGIADTDTQYF,0.6091513
FQDYIKSYL,CASSHHSGGIYNEQFF,0.32642817
EFTVSGNIL,CASSPGVGTEAFF,0.4111495
YTSEILSPI,CASSALAGGYNEQFF,0.34542966
ALLQVTLLL,CASSSTDGYQETQYF,0.55129313
FLGIYTVTVV,CSVPGTAYEQYF,0.64490974
LLFGLALIEV,CASTWTGEQYF,0.30592516
QLCDVMFYL,CASSLFTGTNEQFF,0.30866978
EEAAGIGIL,CASSPHAGGVDEKLFF,0.51633555
YLYDRLLRV,CASSLDQGAQDNEQFF,0.3831115
HQLGGVVEV,CASSMGTGGFYGYTF,0.2002038
LLFAAFSSA,CASSQDWAASNSPLHF,0.36049253
QLIPCMDVV,CASSPGPYEQYF,0.29840055
VLFAAFSSA,CASSQGYEQYF,0.3026602
RVSTLRVSL,CASSLSWGSSYNEQFF,0.22927156
KLAKPLPYT,CASDPDSLIHNTGELFF,0.17637399
RYGSFSVTL,CASSLMGGGNTIYF,0.48877794
MEVDPIGHLY,CSANPRTTLYEQYF,0.74790704
HQNPVTGLLL,CASSPGREQYF,0.6414528
SLLQGSPHV,CASSPPDQVYNEQFF,0.7608836
FLWSVFMLI,CASSLAENSGNTIYF,0.7745834
GLSPNLNRFL,CASSAGLFPEQFF,0.49690223
HIVEISTPV,CASSLRTNSDTQYF,0.8063519
HRRGSRSYV,CATSSEDSSNQPQHF,0.19638665
YLSNIIPAL,CASSLVSPSEQFF,0.18459839
VMIIVSSLAV,CSVGLGQTGTEAFF,0.32335892
FQLNQSFEI,CASSGPIVETQYF,0.594995
VLASPSVPL,CASSQGGQDGHGTTNEKLFF,0.42272514
ESITGSLGPLL,CASSPGASYEQYF,0.3976536
FSFPLDFLV,CASSLTGSSDTQYF,0.7162312
LYPEFIASI,CATSFAPGQGEHGYTF,0.2779102
KLLAGDEIV,CAISESKGNYGYTF,0.78156173
GLLHHAPSL,CASSFEWSYEQYF,0.67593825
LVIGMPPPV,CASSTGADLTYEQYF,0.30064493
LLIDLTSFLL,CASSESTIVQGYNEQFF,0.2740706
ALLETLSLLL,CSARNRDTYYNEQFF,0.57421696
MLIGIPVYV,CASSTSTGQGWHYGYTF,0.13380001
LLWNTVWNM,CASSSTGGGGELFF,0.7215481
RLHDLVFPL,CAITSGFSYEQYF,0.6048675
RLHDLVLPL,CATQWTGGHEQYF,0.5619322
YLSFYTAEQL,CASRTDRFLGAFF,0.5894177
FGDVGSTLF,CASSANRGPDTEAFF,0.25359493
EDVPSGKLFMHVTLG,CASAGETQYF,0.5370886
SLLLLSVSV,CSVPVFGRGTGELFF,0.18120438
KLVALVINAV,CASRRGPYEQYF,0.56967556
YLCLQNNFI,CASSLWAGHGYTF,0.39879644
YLLPAIVHI,CASSWDYTEQYF,0.37927026
ALWGFFPVL,CASSDWVSYEQYF,0.6997472
YLQQNWWTL,CASSGLAGFSPQETQYF,0.7763622
KLEFMDWRL,CASSPSGLAGSNLGNEQFF,0.37859008
VLEEVDWLI,CASSPSGLAGSNLGNEQFF,0.70999223
LLQCTQQAV,CASSQDRGIGYGYTF,0.66932696
LLFGKPVYV,CASRPGLAGGRPEQYF,0.47001123
YMPTTIIAA,CASSWTGDSNQPQHF,0.6743928
MLMLAVIVA,CASSLGQGDFGETQYF,0.32066584
KVAELVHFL,CATWDSGNIQYF,0.39082587
LMDMHNGQL,CASSRDTVNTEAFF,0.61350584
TLEYMDWLV,CASSPSGLAGSNLGNEQFF,0.7246127
RLLQCTQQAV,CASSPVYGVAYEQYF,0.465106
LPEPLPQGQLTGY,CASPGLAGEYEQYF,0.44029653
TLEELDWCL,CASSPSGLAGSNLGNEQFF,0.7149397
EMMLFDWKV,CASSPSGLAGSNLGNEQFF,0.24909501
TMDFYQGQL,CASSRDFVSNEQYF,0.66431093
ALVGAIPSI,CASSFSAREYGYTF,0.62019575
AMAVLYLAL,CSAIYREGNTGELFF,0.40578133
SMGVTYEM,CASSLVNGLGYTF,0.49786407
RMDYNNMQM,CASSRDTVNTEAFF,0.75631624
NVEYYDIKL,CASSPSGLAGSNLGNEQFF,0.87844026
LPEPLPQGGLTAY,CASPGLAGEYEQYF,0.78819203
LPEPLPQAQLTAY,CASPGLAGEYEQYF,0.44799954
KQWLVWLFL,CASSRTSPTDTQYF,0.84410596
KLTESLHKV,CASSSTRGWADTQYF,0.25850397
YMGVVYEM,CASSLVNGLGYTF,0.49244022
FMGVTYEM,CASSLVNGLGYTF,0.3785077
LPEGLPQGQLTAY,CASPGLAGEYEQYF,0.6112291
YMLDLQPETT,CASSLLGLIKETQYF,0.51148474
FMYSDFHFI,CASSPTGTGYNEQFF,0.48834097
VPLTEDAEL,CASRTRGGTLIEQYF,0.3726466
EHEGSGPEL,CASSLAGSKLYEQYF,0.25982955
SYMIMEIE,CASRDHRVIYGYTF,0.38929316
WLDNFELCL,CASSPSGLAGSNLGNEQFF,0.7102821
QTNPVTLQY,CASSLNSGHTQYF,0.63366926
YLSHLPLTCKF,CASSPRPLEGLYGYTF,0.30988008
TYDTVHRHL,CASSLDREDEQYF,0.67985517
VLDLFQGQL,CASSRDTVNTEAFF,0.6681392
HIMPDTAEI,CSVRSGNEQFF,0.3095801
TLYSLTLLY,CATGTGGNDYEQYF,0.24253325
RILLVAASY,CASSLYRGKETQYF,0.5580803
LLFGPVYV,CASRPGLAGGRPEQYF,0.5395669
SMLGIGIVPV,CASSLSFGTEAFF,0.84794027
VLNGTVHPV,CASSESQGDYYGYTF,0.6475922
ILCETCLIV,CASSDLPGAPTDTQYF,0.6495751
EMLFSHGLVK,CASSPGTVKETQYF,0.7424251
AMAGSPVFL,CASSHDDRGPNEKLFF,0.74807024
LPEPLPQGQGTAY,CASPGLAGEYEQYF,0.46152234
MLFSHGLVK,CAWSAASGGAQDTQYF,0.64641625
MMWDRGLGMM,CASSLSFGTEAFF,0.51290345
IAMAVLYLA,CASSFGTGGYEQYF,0.48193842
MVNTVAGAMK,CASSVGGGVTDTQYF,0.44347328
LASYFFWGL,CASSGRSTDTQYF,0.62922394
KLVALGINNV,CASSYSPGTGNTIYF,0.8872384
WSYDSTLLAY,CASSVERENTGELFF,0.23227796
CISSCNPNL,CASSFGGGLQETQYF,0.6134932
RSGGFSFGK,CASSPNPQGANMDTQYF,0.18892342
FVVPYMIYLL,CASSLSGGLLRTGELFF,0.7405852
MPYGYVLNEF,CASRPWTGANEKLFF,0.27222064
FSSEVLNLV,CSVRVGTQYF,0.77975416
TLREIRRYQK,CASSQEFVGAVLDTQYF,0.5199118
SLLLLPVSV,CASSLSYTPHQPQHF,0.61153954
RMEQVDWTV,CASSPSGLAGSNLGNEQFF,0.21056661
YMGVSYEM,CASSLVNGLGYTF,0.5590302
RLDAMNGQL,CASSRDTVNTEAFF,0.16813251
SLSKILDTV,CASSPLDVSISSYNEQFF,0.7086046
GPEPLPQGQLTAY,CASPGLAGEYEQYF,0.17919226
NMEYMTWDV,CASSPSGLAGSNLGNEQFF,0.32600087
LPEPLPQGQLGAY,CASPGLAGEYEQYF,0.5189581
KLEQLDWTV,CASSPSGLAGSNLGNEQFF,0.50169635
KLSEGDLLA,CASDEKLFF,0.28243995
KMGVTYEM,CASSLVNGLGYTF,0.56873304
EVLPFFLFF,CASSHQAGALYNEQFF,0.36105567
FLPDLNVNA,CASSLAYRPYEQYF,0.3180973
GMDYHNGHL,CASSRDTVNTEAFF,0.58942306
ALGIGILTV,CASSFLGTGVEQYF,0.4936918
FRNEGIHL,CASSVGNGASTDTQYF,0.40483156
EFFWDANDIY,CASSLGGNLYEQYF,0.45405185
DEEDAIAAY,CASSPGGGKETQYF,0.3405613
LPEPLGQGQLTAY,CASPGLAGEYEQYF,0.43331102
LLEDLDWDV,CASSPSGLAGSNLGNEQFF,0.59859574
TMETIDWKV,CASSPSGLAGSNLGNEQFF,0.47286734
ALWGPDPAA,CASSLVPLSPEQYF,0.6949966
SLDPTTSPV,CASSTINTNSPLHF,0.64617705
FLTGIGIITV,AWSETGLGTGELF,0.6199919
YIFLGNLAL,CASSGRQGIDTEAFF,0.63809454
LPEALPQGQLTAY,ASPGLAGEYEQY,0.4964797
ACDPHSGHFV,CASSVVAGFNEQFF,0.4227913
ALSYTPVEV,CASSSDRGEQFF,0.432312
FFAGGIGIRTI,AWSETGLGTGELF,0.65854037
LLHGFSFYL,CATSTRDTGNEQFF,0.4149773
NLVPTVATV,ASSPVTGGIYGYT,0.26461446
ELGGIGILTV,RPGWMAGL,0.47774836
WLLPAWGV,AWSETGLGTGELF,0.5461679
TMSSSHLFYL,CASSLGGGGPQETQYF,0.24440548
LTLTPEIAPYF,CASTGSYGYTFGSGTRLTVT,0.3895486
DLAGIGILTV,RPGWMAGL,0.30140054
ILAAFLHWL,ASSYQGTEAF,0.27175158
RLSDFSEQL,CASTPLSNQPQHF,0.1353493
LTISPEIPPYF,CASTGSYGYTFGSGTRLTVT,0.11730033
KSFVPELKPAF,CASTGSYGYTFGSGTRLTVT,0.4467572
SLYNTVATLY,CASSDSLGDRGSYEQYF,0.13155857
SSFSPELRMRW,CASTGSYGYTFGSGTRLTVT,0.52098304
YIDDVVLGA,CASSYLTGEGDYGYTF,0.27926922
NLVPMVAAV,CASSLAPGTTNEKLFF,0.27712023
NLVPQVATV,ASSPVTGGIYGYT,0.5300163
LPEPLPQGQATAY,ASPGLAGEYEQY,0.34530038
EIAGIGILTV,RPGWMAGL,0.41223907
FLNVFFPLL,CSAPSYRELAGAYLQETQYF,0.46394318
CLGALLTMV,ASSYVSQNNEQF,0.39298204
RLLCALTSL,CSALTGNQPQHF,0.21883073
FVGEFFTDV,CASSHRGSGNTIYF,0.732095
RIAAWMATY,CASSPGGGASYEQYF,0.67438054
LSLRPEIPLFF,CASTGSYGYTFGSGTRLTVT,0.76726764
LLYGFVNYV,ASRPGLAGGRPEQY,0.2422178
FMLYLVTLM,CASSYGVNTEAFF,0.4131162
NSLKPEIPDYF,CASTGSYGYTFGSGTRLTVT,0.5560895
GSLAPEIRMYW,CASTGSYGYTFGSGTRLTVT,0.6293576
IAGLGLLTV,RPGWMAGL,0.6627104
LTITPEIAPFF,CASTGSYGYTFGSGTRLTVT,0.592615
YMDDVVLGA,CASSYLTGEGDYGYTF,0.26504442
ELAGIGLLTV,RPGWMAGL,0.56346905
HSKKKCDEI,ASSLRGRGDQPQH,0.2294864
YVNELVVFV,CASSALAGGYNEQFF,0.4477445
FLAGGIGIRTL,AWSETGLGTGELF,0.39912063
KSLTPEVRGYW,CASTGSYGYTFGSGTRLTVT,0.33510002
YLCSGSSYFV,CASSDGGISYNEQF,0.6941664
NLVPVVATV,ASSPVTGGIYGYT,0.57966995
ELAGIGIITV,RPGWMAGL,0.6586111
APRGPAGGAASGL,CASQTFSPGQTQF,0.44052035
FWLLPAWAL,AWSETGLGTGELF,0.4310188
LMASISSFL,CASSFGGLYGYTF,0.5465921
RSFVPEIGMGF,CASTGSYGYTFGSGTRLTVT,0.66078925
SLLQGSPHL,CASSPPDQVYNEQFF,0.19218029
ASFSPELRMAW,CASTGSYGYTFGSGTRLTVT,0.7864711
GTIRPEIPDYF,CASTGSYGYTFGSGTRLTVT,0.16469479
LPEPLPQGALTAY,ASPGLAGEYEQY,0.7660233
YVTAMDIFV,CASSYGQPNTEAFF,0.6665584
HSRKKCDEL,ASSLRGRGDQPQH,0.7520175
KAANIVLTV,CASSPSWLSGVTQYF,0.34382573
APRGAHGGAASGL,CAILGQGYGYTF,0.73707616
SVASTITGV,CASSYFGGSLSEQYF,0.71899766
FLEIYTVTV,CASSDNDWRLQYF,0.2520778
FATGIGIITV,AWSETGLGTGELF,0.23461726
ELAGIGILSV,RPGWMAGL,0.72721976
LSITPEISPYF,CASTGSYGYTFGSGTRLTVT,0.48158947
SLVALGINAV,CASSFLGTGLNEQYF,0.48128062
LTISPEIPSYF,CASTGSYGYTFGSGTRLTVT,0.8825601
GSLSPELRPIF,CASTGSYGYTFGSGTRLTVT,0.77449083
WTYRPEVRGVW,CASTGSYGYTFGSGTRLTVT,0.65965104
YLCSGSSYF,CASSDGGISYNEQF,0.20343511
YLVALGVNAV,CASSFLGTGLNEQYF,0.54291487
GIWGFVFTL,ASSSRSSYEQY,0.13355294
LSITPEIAPYF,CASTGSYGYTFGSGTRLTVT,0.24242514
WLLPTWGV,AWSETGLGTGELF,0.5932192
YSFKPELKEIF,CASTGSYGYTFGSGTRLTVT,0.38429117
SALRPEIRLLW,CASTGSYGYTFGSGTRLTVT,0.39996138
NLVPMVASV,ASSPVTGGIYGYT,0.4673288
CLGGLATMV,ASSYVSQNNEQF,0.3600102
SSGVPEVRMMF,CASTGSYGYTFGSGTRLTVT,0.21418028
NSFRPEVAMKY,CASTGSYGYTFGSGTRLTVT,0.25438368
GTIRPEIREMW,CASTGSYGYTFGSGTRLTVT,0.22244045
APQPAPENAY,ASPGLAGEYEQY,0.51420176
FITGISILL,CASSEMDGSNQPQHF,0.5308331
KSLAPEVRDLF,CASTGSYGYTFGSGTRLTVT,0.70392406
NLNRCSVPV,CASSLDIGDQPQHF,0.4193936
ILITQVLGL,CASSISPSSYEQYF,0.5041608
YMVLASPSV,CASSGRQGIDTEAFF,0.66658956
KSCTPEVREYF,CASTGSYGYTFGSGTRLTVT,0.26044855
YVDDVVLGA,CASSYLTGEGDYGYTF,0.67125213
LLYGFVNYI,ASRPGLAGGRPEQY,0.7099453
YLDELIKNT,CASSALAGGYNEQFF,0.76890326
CLGGLLAMV,ASSYVSQNNEQF,0.70273525
RSLAPEVRGYW,CASTGSYGYTFGSGTRLTVT,0.4852274
FLPSDFFPSV,CASSRRRDLGNEQFF,0.4587496
LTITPEIAPYF,CASTGSYGYTFGSGTRLTVT,0.6659474
FWLLGAWAL,AWSETGLGTGELF,0.18585956
LGIGVITI,RPGWMAGL,0.18303427
YLNELVVFV,CASSYGQPNTEAFF,0.494609
NSVKPEIRPVW,CASTGSYGYTFGSGTRLTVT,0.64450926
ILAKFAHWL,ASSYQGTEAF,0.7629453
FLRGRFYGL,ASSLGQAYEQY,0.6976249
ELAGIGILTI,RPGWMAGL,0.4186294
HPVAEADYFEY,ASSARSGELF,0.26688904
FMSAYSGVL,CASSLIDSPYEQYF,0.43653858
LSGSPELRMIF,CASTGSYGYTFGSGTRLTVT,0.410724
LLFGYPVFV,ASRPGLAGGRPEQY,0.5401966
NLVGMVATV,ASSPVTGGIYGYT,0.42748588
HSKRKCDEL,ASSLRGRGDQPQH,0.2768531
YLQDSLATT,CASSLNTEAFF,0.4911497
ELAGIGILTA,RPGWMAGL,0.718469
MLGERLFPL,CASSLDIGDQPQHF,0.65951276
KLQCVDLHV,CASSFRGPNLYTEAFF,0.6904894
APAGPHGGAASGL,CAILGQGYGYTF,0.63275987
AIMDKNIIL,CASSVDGGSQPQHF,0.46860695
VYAIFIFQL,CASSFPTSGQETQYF,0.67595434
ELAGIGALTV,AWSETGLGMGGWQ,0.5053921
WLWEPLRVV,CASTLGQGNTEAFF,0.65148824
ALVPMVATV,CASSLAPGTTNEKLFF,0.700768
LTITPEIRPYF,CASTGSYGYTFGSGTRLTVT,0.7293943
YVTAMDLFV,CASSYGQPNTEAFF,0.73911697
LPLKMLNI,CASSSGQVQETQYF,0.74348927
LVFPLVMGV,CASSPTAEAFF,0.55194145
YLYDRLLRI,CASSLDQGAQDNEQFF,0.501043
RTYVPEIKHRW,CASTGSYGYTFGSGTRLTVT,0.60233945
MVIGIPVYV,CASSTSTGQGWHYGYTF,0.5392345
CLAGLLTMV,ASSYVSQNNEQF,0.5445084
ASFRPELAEFW,CASTGSYGYTFGSGTRLTVT,0.68905115
NLAPMVATV,CASSLAPGTTNEKLFF,0.5663591
ALGGLLTMV,ASSYVSQNNEQF,0.48027998
LAITPEIAPYF,CASTGSYGYTFGSGTRLTVT,0.4503991
VQIISCQY,CASSQNGSEAAYSNQPQHF,0.62989354
MPYGYVLNEF,CASSTPGGWNTEAFF,0.48419523
VQYLGMLPV,CASNSGPNEKLFF,0.48779815
KTVGIYPNA,CASSLGQGYNEQFF,0.633705
KLYGLDWAEL,CASSVEGALTDTQYF,0.69585025
RLIKHYPGI,CASSEPGPWAFF,0.71580786
YVTAMDIFV,CASSWDRGTYEQYF,0.68629146
AQWGPDPAAA,CASSALAGGYNEQFF,0.5616847
VQYLGMLPV,CASSTQGTGVYNEQFF,0.19413324
LLLNMLIVL,CASSSDRGEQFF,0.6147821
SYMIMEIEL,CASSLGQEIPYYGYTF,0.15978163
FLTVFSPFM,CASSSPSGYEQYF,0.31907693
SLFNTIAVL,CASSSGGAWYTF,0.515675
FSSEVLNLV,CATSGTGGTGELFF,0.58958226
YLWPPVQLA,CSVEGLAGRGYNEQFF,0.62974733
LPEPLPQGQLTGY,CASSLVRDRHTEAFF,0.6376803
VMAPRTLVL,CASSHNRGYEQYF,0.55529916
NLVPTVATV,CSAPSYRELAGAYLQETQYF,0.66002285
RYPLTLGWCF,CASSRGLQETQYF,0.85840535
ILAAFLHWL,CASSIGLNTEAFF,0.53916925
SVLENFTILL,CASSLAVQRPSGNTIYF,0.8228904
GEEDGAGGHSL,CASSIESGSKQRNEQFF,0.604511
LSEFCRVLCCYVLEE,CASSPRDRVHEQYF,0.6262429
ESEERPPTPY,CASSQSETGDGYTF,0.44295007
TLNAWVKVV,CASSQGISTGELFF,0.7589322
FLNVLFPLL,CASSQEGRQGSYNEQFF,0.64496064
YMFLASPSV,CASTHWERVDEQFF,0.3870176
AVGSHVYSV,CASSAAGQELGYTF,0.668377
FIDQYYSSI,CASSTSAGFSNQPQHF,0.6411523
RLIKHYPGI,CAWSGFSRTEAFF,0.70678246
EMLFSHGLVK,CASSLVGGITGELFF,0.53216255
RQWGPDPAAV,CASSQDPGNGNTIYF,0.45746613
SIIGRLLEV,CASSEELYNEFF,0.13413009
SLLLLSVSV,CASSLAGGTEAFF,0.5918608
GPGMKARVL,CASSSESGELFF,0.5531764
GTIRPEIPDYF,CASGTELMNTEAFF,0.1843939
IMLEALERV,CSVELTTYEQYF,0.4902659
AMAGSLVFL,CASSSQELTEAFF,0.55247945
FLGIYTVTV,CASSIAQGGNQPQHF,0.71774226
AVGSHVYSV,CASSEGQGYEQYF,0.63014495
LMVPHSPSL,CASSLASEQYF,0.6617732
KLLAGVEIV,CASRGTGTGSYEQYF,0.33050627
LPEGLPQGQLTAY,CASSTGGDTQYF,0.5982415
TMSFSHLFYL,CASSFLSSYNEQFF,0.21006852
HRRGSRSYV,CASTLGQGNTEAFF,0.3131444
ALAGIGILTV,CSADRPGQSQETQYF,0.6764767
IMIEFCPGG,CSARDRGFFRPGELFF,0.5186458
KSLAPEVRDLF,CASSQEPSLNTEAFF,0.18879515
FLMASISSS,CASSWREGFPYEQYF,0.21817768
FMSAYSGVL,CASSLPDRGGTKNIQYF,0.8432116
GTSGAPIVNR,CASRNRDPNGYTF,0.54679537
KQWLVWLFL,CASSYVNGGAIGGELFF,0.51585287
MMDFFNAQM,CASSQESGGGTEAFF,0.26024392
AVGSHVYSV,CASSYTGWHEQYF,0.47598958
CHIPVEPNT,CASSPGQGYEQYF,0.60675377
FQDYIKSYL,CASSVDFGRTYNEQFF,0.66186035
FMPDFDLHL,ASSANPGDSSNEKLF,0.75354815
EEYLKAWTF,CASSANPGDSSNEKLFF,0.31575626
LSITPEISPYF,ASSQDRDTQY,0.7809339
RMDYNNMQM,CASSQDRDTQYF,0.71699494
WTYRPEVRGVW,CASRDGRVHQPQHF,0.7508248
IMIEFCPGG,CASRAVINTDTQYF,0.17667928
YVNELVVFV,CASSTTSGGAHNEQFF,0.35263607
TLFTMVGTV,CASSLLKAANYGYTF,0.4062478
KVDPIGHVY,CASTQGGVDTQYF,0.64774287
KLVALVINAV,CASSQGALGYTF,0.6325101
FDVMVMPNL,CASSLGGNPTYNEQFF,0.78832346
APARLERRHSA,CASSLGDPNTEAFF,0.491577
YLEPGPVAA,CASSQDSHSTSTDTQYF,0.4736843
LTITPEIRPYF,CASSWEYEQYF,0.58851624
GMDYHNGHL,CATSSFRMTGDNSPLHF,0.44719785
YMLTLHTKL,CASSALFSGANVLTF,0.638449
LLYGFVNYI,CSARDWGYEQYF,0.7328538
MMDFFNAQM,CASSLAAQGQRVTGELFF,0.70219237
TLRGRAYGL,CASSFGGLYGYTF,0.8773118
RQFGPDFPTI,CASSGGQGWTDTQYF,0.7671125
WLLPAWGV,CSVEAGGVSEAFF,0.6501752
LLLNMLIVL,CASSLETGGWETQYF,0.68108976
YLDELIRNT,CASMRPTSYEQYF,0.51636857
HMTEVVRHC,CSDGTGDGYTF,0.6769402
YHSIEWAI,CASSLSWEYEQYF,0.28979737
KLSHQLVLL,CASSSQTGPYSNQPQHF,0.77372533
KLEQLDWTV,CASSQGLNPGQGLDTEAFF,0.38518387
ALWGPDPAAA,CASSLQGSDNEQFF,0.61269665
YHSIEWA,CASSLAVQRPSGNTIYF,0.579214
LIFNMFYWI,CSVVGTGSVITNEKLFF,0.52739173
NMEYMTWDV,CASSIESGSKQRNEQFF,0.45887607
LGYGFVNYI,CASSDLQENQPQHF,0.7056007
SIIGRLLEV,CAQGDYNEQFF,0.47882906
TAMDIFVTV,CASSMSGWGDTQYF,0.7501464
HQLGGVVEV,CSARDPQGFDGYTF,0.6943646
FLSDHLYLV,CASGSYEQYF,0.79609346
LVMPFSIVYI,CASSPWRGPFQETQYF,0.46860874
FQAQHIAMA,CASSYFGGSLSEQYF,0.2444548
KQWLVWLFL,CASSYRFDSPLHF,0.2601723
HPVGDADYFEY,CASVLGGSSYNEQFF,0.3083737
FLGIYTVTV,CASSLGQAYEQYF,0.4081027
YMVLASPSV,ASRYRDDSYNEQF,0.41743654
FYGKTILWF,CASRYRDDSYNEQFF,0.3625912
KLLAGVEIV,CASRYRDDSYNEQF,0.439097
KLYGLDWAEL,CASSVTGRWVPLHF,0.28866643
LIFNMLYWI,CASSFASGGYNEQFF,0.6559712
ALGGLLTMV,CASSFNTEAFF,0.4953528
LYPEFIASI,CASSHSWGETQYF,0.43433067
GLYDGMEHL,CASSLAQSDSLAFF,0.7428854
QLLVSLWGL,CASSSPDSNNEQFF,0.6389535
ALSYTPAEV,CASSIGDYEQYF,0.1600884
KLSREIMPV,CASSLIDTGELFF,0.7208071
KMGVTYEM,CASHPVGSLTDTQYF,0.48061165
GAVECCPNC,CASSPTLYNEQFF,0.6250169
SIIGRLLEV,CASSEWVFWSSYNSPLHF,0.21165185
ILIVMVPFL,CASSLSYLNEQFF,0.18726698
FMPDFDLHL,CSATSGTDTQYF,0.17723063
FLDEFMEAV,CASSLGGFAGNTIYF,0.22993335
LHMEFCSCC,CASSQEIGMNEKLFF,0.6518919
LMMPFSIVYI,CASSSTGALYEQYF,0.67294997
SVLENFTILL,CASSLELGDEQFF,0.29381594
LMDYWQGQL,CASSLETGDEQYF,0.72545826
SYMIMEIEL,CASSQETGDTQYF,0.6062979
KMDYFSGQL,CASSQETGDEQYF,0.57623667
YHSIEWAI,CASVSGQGVSPLHF,0.7596097
ALVPMVATV,CATSRDGAGLVNQPQHF,0.8966683
ALEPGPVTA,CASSQGFGANVLTF,0.44451645
YLEPGPVAA,CASSQDPGSSYNEQFF,0.60689247
YVVTWIVGA,CASSFEPGQGFYSNQPQHF,0.7718828
WLIRETQPITK,CASSFEAGQGFFSNQPQHF,0.6161574
ILAKFLHWL,CASSYEPGQVSHYSNQPQHF,0.5426149
VQYLGMLPV,CASSYLPGQGDHYSNQPQHF,0.5546112
LMLWASSSI,CASSPARNTEAFF,0.52509636
RLLPLLALL,CASSPHRNTEAFF,0.83637995
LLFGYAVYV,CASSQAALAGFGYEQYF,0.7585746
VQYLGMFPV,CASSPSRNTEAFF,0.75826585
RYGSFSVTL,CASSFEPGQGFYSNQPQHF,0.6381761
TYDTVHRHL,CASSFEAGQGFFSNQPQHF,0.20158584
VYALIAGATL,CASSYEPGQVSHYSNQPQHF,0.76124823
LMDYWQGQL,CASSYLPGQGDHYSNQPQHF,0.49756408
FIMGISILL,CASSFEPGQGFYSNQPQHF,0.49242043
TEDEHFEFY,CASSFEAGQGFFSNQPQHF,0.46060055
LVMPFSIVYI,CASSYEPGQVSHYSNQPQHF,0.6553843
NMMWFQGQL,CASSYLPGQGDHYSNQPQHF,0.73198354
ALVPMVATV,CASSEGLWQVGDEQYF,0.48302865
TAMDLFVTV,CASSLDPGDTGELFF,0.79772365
ELAGIGILTI,CAISELVTGDSPLHF,0.4774996
MVIGIPVYV,CASSIQQGADTQYF,0.41276136
ALWGPDPAA,CASSYRGQSYEQYF,0.43952674
NLVAMVATV,CSARDAGGDYGYTF,0.17499077
FLFMYLVTV,CASSLVPQGEEQYF,0.59613407
GILEFVFTL,CASSEEGAWNTGELFF,0.34289593
FLDEFMEAV,CASSLGAAPQETQYF,0.6811536
VLDLFQGQL,CASSTRVVAGNNEQFF,0.1592893
VMAPRTLIL,CASSLGQGCSNQPQHF,0.66850483
YTSEILSPI,CASSRGTLHYGYTF,0.56743866
EMMLFDWKV,CAISEVGTGSSGNTIYF,0.6574683
FIDCYLLAI,CASRFVAPSDGYNEQFF,0.5710023
FQAQHIAMA,CASSLGQGRVEQYF,0.43631655
VYFFLPDHL,CAITSGQGNNEQYF,0.369343
GILGLVFTL,CASSSEGQFNEQFF,0.6646883
FLASPSVPL,CASSYGIYEQFF,0.26966575
YLLPAIVHI,CASSPEGVFNEQFF,0.14742227
MMWDRGLGMM,CASSWEGQYNEQFF,0.76690936
FLDEFMEGV,CASSVLNTGELFF,0.44563293
KINAWIKVV,CASSDTPDLNTEAFF,0.29781473
FLKEMGGL,CASRGQNTGELFF,0.41767684
RLWEPLRVV,CASRSQNYYGYTF,0.22767185
NLQREEYTV,CASSPMTDSTDTQYF,0.21375203
MIISHLSLI,CASSQDLGTGNTIYF,0.23309104
ALAGIGILTV,CASSPTPGTGETQYF,0.20724583
YLVALGINAV,CSADRPGQSQETQYF,0.6295597
FDVMVMPNL,CASSPHTEAFF,0.20229152
FLFMYLVTV,CASDSNYGYTF,0.3103842
GPGMKARVL,CASSLVGADRSGELFF,0.8000485
FLNVFFPLL,CASSAFGIVADTQYF,0.36567912
RVSTLRVSL,CASSPGTTTNEKLFF,0.38192713
ELAGIAILTV,CASSLPLGYEQYF,0.8015435
GEIYKRWII,CASSLGTSGIQFF,0.3662078
VLNPFIYTL,CASSYRTGSDEQFF,0.61924326
GVYDGREHTV,CASSFFPGELFF,0.62449276
LLFGKPVYV,CASSGRDRNF,0.26130086
KLSGLGINAV,CASSLSGFGNTIYF,0.85589015
LLYGFVNYI,CSAETGRDLEAFF,0.8443903
AARGPHGGAASGL,CAQGDYNEQFF,0.5558099
MMDFFNAQM,CASSQDNNEQFF,0.7805085
FMIGYASAL,CASSDQGALSSYEQYF,0.69047743
KLVVLGINAV,CASSLSVFPGRAEQYF,0.64147097
QLTSLGLNAV,CASSKGLRQFF,0.8582924
MLMLAVIVA,CASSYFRQSYEQYF,0.5447295
FLFMYLVTV,CASSAGPWGYTF,0.51107526
KLSELHAYI,CASSGDKNEAFF,0.41096833
LLIASVTWL,CATSRGPTQAPYEETQYF,0.2092604
FLFMYLVTV,CASSLVGADRSGELFF,0.6901039
FIFSYVVAV,CSARDPVGGSNTGELFF,0.6825043
RTYVPEIKHRW,CASSLASGNEQFF,0.6054853
VLLGVKLFGV,CASSLNPGTSYEQYF,0.25498188
KASEKIFYV,CAISRGDTEAFF,0.4412788
FIFSYVVAV,ASRPGLAGGRPEQY,0.6014745
ALAGIGILTV,ASSYPGGGFYEQY,0.8378971
VLNPFIYTL,CASRPGLAGGRPEQYF,0.6337954
YMDGTMSQV,CASSFWGLGELFF,0.35098842
TAMDIFVTV,CASSQGWDEQYF,0.70553774
VLENFTIFLV,CASSTLSGNYNEQFF,0.45718294
KLFEFLVHGV,CSAETGRDLEAFF,0.30848545
RHDLPPYRVYL,CASSQGLNPGQGLDTEAFF,0.5382397
QLTSLGLNAV,CASSLTGLLNTEAFF,0.7954433
HPVAEADYFEY,CASSLGPSLYEQYF,0.7186173
LLHGFSFYL,CASSFWSGGTYEQYF,0.73981506
ALIHHNTYL,CASSMTVMNTEAFF,0.6587651
KLLAGVEIV,CASIGVSYEQYF,0.8689077
VLMGGVPGVE,CASNPGTDFNTGELFF,0.85286963
ALWGPDPAA,CASSYARDRNTEAFF,0.78512704
KLFEFLVHGV,CASSGRQGIDTEAFF,0.32840788
APRGPHGGAASAL,CASSPYSGANVLTF,0.662254
SVLENFTIFL,CASSPDRFYEQYF,0.85406697
FLWSVFMLI,CASSISTEAFF,0.59765387
RQWGPDPAAV,CASSVEGSSYNEQFF,0.78827596
SVLENFTILL,CASSLNTEAFF,0.7762251
KLANPLPYT,CASSSDQNGDPYEQYF,0.4208523
FLNDLLSVM,CASSFLMTSGDYEQYF,0.27716994
FLKEQGGL,ASSSDQNSGDPYEQYF,0.69525534
ALGIGILTV,CASSLVTGGGEAFF,0.8404242
FYGKTILWF,CATSAKTRLNTEAFF,0.3433658
GILEFVFTL,CSARQTSGGSSYNEQFF,0.3701371
YLLAIFSGL,CASIETESTGELFF,0.36196762
RVIGMPPPV,CASSIGTVNRGPNTEAFF,0.61412644
LSGSPELRMIF,CASSESSSTGGKWDTQYF,0.80453044
RPHERNGFTV,CASSVDGGPQETQYF,0.78756726
MEVDPIGHLY,CASSLAYEQYF,0.64523923
VQYLGMLPV,CASSFRGEAFF,0.65222085
GEIYKRWII,CASSQQGVWGTGELFF,0.8641989
SLDLTTSPV,CASSQTIGTGFSNEQFF,0.14252906
HSKKKCDEI,CASSLGQGGVGEKLFF,0.2168767
KVDPIGHVY,CSAIVFSRGGDEQFF,0.20975195
LMVLHSPSL,CASSLRGTGSYEQYF,0.22498502
ILDQVPFSV,CASSLQGGGGYTF,0.20414072
YLDELIKNT,CASTLGQGNTEAFF,0.45100355
FLTVFSPFM,CASSGSGASTDTQYF,0.18756464
FILDAVQRV,CASSLPDRGGTKNIQYF,0.3888893
FDVMVMPNL,ASSSRSSYEQY,0.7461424
MVWGPDPLYV,ASSIRSSYEQY,0.6443942
HPVGQADYFEY,CASSIRSSYEQYF,0.7295836
APRGPHAGAASGL,CASSIDRTVGNTIYF,0.86931115
VVTGVLVYL,CASSLGGGGPQETQYF,0.20362628
YMPTTIIAA,CASSPDPSGNEQFF,0.6189765
YHSIEWA,ASRTRGGTLIEQY,0.84080637
YLQQNWWTL,CASRTRGGTLIEQYF,0.7137495
ALIHHNTHL,CASSFRGGKTQYF,0.26788288
VLMGGVPGVE,CASSSQTGPYSNQPQHF,0.5635154
YMPTTIIAA,CASSLAQSDSLAFF,0.2647575
FIMGISILL,CASFNTGELFF,0.85236514
ILIVMFPFL,CSARDRSGIDTQYF,0.2157704
FIDQYYSSI,CASSDRQGIATGELFF,0.20471278
LTISPEIPPYF,CASSFGSGNTIYF,0.20462671
ALIHHNTHL,CASSYFRQSYEQYF,0.828888
RCMLQCPSV,CASSAGPWGYTF,0.80755365
LMDMHNGQL,CASSGDKNEAFF,0.17721783
QTNPVTLQY,CASSVTSDQTQYF,0.16266821
CHIPVEPNT,CASSQWGGNEQFF,0.23495457
RSLAPEVRGYW,CASSFLLYNEQFF,0.7339886
KLKSLGLNAV,CASSYQTGPYSNQPQHF,0.32474047
VLENFTIFLV,CSARVQGAYEQYF,0.3657539
NLQREEYTV,CSARAGLRESTDTQYF,0.7233125
APRGPHGGAASGA,CASSEIASYNEQFF,0.48895746
RQFGPDWIVA,CATSRTDISYEQYF,0.609545
SSCMGGMNWR,CASSLFARGGPTDTQYF,0.24751657
IPLTEEAEL,CASRPSRGTNYGYTF,0.12371025
GLLHHAPSL,CASSERGMVEAFF,0.69988465
VLNPFIYTL,CASSPRNLGPSGSYEQYF,0.42741638
YTSEILSPI,CASSLVGGTGSVSYQFF,0.2895963
IMIEFCPGG,CASSVDGTGGALGNTIYF,0.6904278
FLKEMGGL,CAWSWGDSTNSPLHF,0.64097345
IPLTEEAEL,CASNLGGGSTDTQYF,0.5083837
LMMPFSIVYI,CASSLGTGSTDTQYF,0.7203449
LLAMKVPNV,CASSFGSGSTDTQYF,0.6464185
LPEGLPQGQLTAY,CSASRDSYEQYF,0.54714024
LLFGPVYV,CSAFSSGTGGVTGELFF,0.19237597
FLDEFMEAV,CASSPRGDWEEKAGELFF,0.23575912
LPEGLPQGQLTAY,CATESTGIGGYTF,0.48900405
FIYQYYSSI,CASTDGQKNSPLHF,0.5815785
ELAGIAILTV,CASSYNSAGYNEQFF,0.57652795
FIDCYLLAI,CASSLVMDNYGYTF,0.8521631
RLSDFSEQL,CSVTGTGLFDEQYF,0.33693075
ILAAFLHWL,CASSLGQGLSYEQYF,0.6063121
CHIPVEPNT,CASSFGQGYEQYF,0.837077
LLFGFPVYV,CATSGGQSNEKLFF,0.8211729
SSGVPEVRMMF,CASSPGGTNEKLFF,0.16553755
ALRGMGVNAV,CASSVLNTGELFF,0.23007202
YLRGRAYGL,CASSDTPDLNTEAFF,0.26806054
TLRGRAYGL,CASRGQNTGELFF,0.7816656
QLLVSLWGL,CASSPHSGGDPRNEQFF,0.7483846
MPYGYVLNEF,CASLEAGGETQYF,0.3311671
VPLTEDAEL,CASSESGAAYTGELFF,0.33949882
TMSFSHLFYL,CASSVLNTGELFF,0.76208276
FLDEFMEAV,CAIRQFDANTGELFF,0.6510725
LMVPHSPSL,CASRGQNTGELFF,0.44999322
LMVPHSPSL,CASSVLNTGELFF,0.69784856
GTSGSPIVDR,CASSIIAGSSYNEQFF,0.76726425
LVMPFSIVYI,CASRGQNTGELFF,0.7463432
KLQCVDLHV,ASSFIGGTDTQYFG,0.5242865
FLNVFFPLL,ASSFIGGTDTQY,0.35422656
MMDFFNAQM,ASSIGGPYEQYFG,0.23142433
SSCMGGMNWR,ASSFIGGTDTQYFG,0.21181208
NLVPMVAAV,ASSFIGGTDTQY,0.7126924
KLSGLGINAV,ASSIGGPYEQYFG,0.7039653
ILAAFLHWL,CASSQERGGPDTQYF,0.4853651
APRGPHGGAASAL,CSVDLEANYGYTF,0.5883793
KLNTITAVV,CASSSTGGGEKDQPQHF,0.66711193
HIVEISTPV,CASSEIASYNEQFF,0.5194908
YMFLASPSV,CATSRTDISYEQYF,0.32625303
FDVMVMPNL,CASSLFARGGPTDTQYF,0.7659823
YMDGTMSQV,CASSVLNTGELFF,0.25288114
NNILIATCV,CASSIIAGSSYNEQFF,0.58421797
YLEAGPVTA,CASRGQNTGELFF,0.3360364
VLLGVKLFGV,CASSVLNTGELFF,0.8135336
AIMDKNIIL,CAIRQFDANTGELFF,0.8006289
RLLCALTSL,CASRGQNTGELFF,0.65077764
ALAGIGILTV,CASSLGQGLLYGYT,0.4856698
FLTGIGIITV,CASTTGGGGYEQY,0.76252794
YILEETSVM,CASSLGQGSYEQY,0.4408579
LIFNMLYWI,CASSVLNTGELFF,0.6933313
LVMPFSIVYI,CASSIIAGSSYNEQFF,0.1469995
VLNPFIYTL,CASRGQNTGELFF,0.85210526
KSLTPEVRGYW,CASNDRGMFNEQFF,0.6156348
LLAIKVPNV,CASSQDQGITEAFF,0.41766444
SLVALGINAV,CASSDAGGHTDTQYF,0.18066384
EFFWDANDIY,CASSLGQGLLYGYT,0.37792712
KLANPLPYT,CASTTGGGGYEQY,0.55387264
MVWGPDPLYV,CASSLGQGSYEQY,0.4438932
YLQDSMATT,CASSPGPNQPQHF,0.6432306
VQYLGMLPV,CASSFRDEDPGNTIYF,0.45216218
YVTAMDIFV,CASTPTGNTEAFF,0.61613274
YVNELVVFV,CASIETESTGELFF,0.6951406
VLLGVKLSGV,CASSIGTVNRGPNTEAFF,0.75144696
EEYLQAFTY,CASSESSSTGGKWDTQYF,0.5013895
KAANIVLTV,ASSFIGGTDTQYFG,0.11582166
KASEKIFYV,ASSFIGGTDTQY,0.5658281
HPVGQADYFEY,ASSIGGPYEQYFG,0.7373386
SSGVPEVRMMF,CASSLGQGLLYGYT,0.5767638
MVIGIPVYV,CASTTGGGGYEQY,0.47377422
LAMPFATPM,CASSLGQGSYEQY,0.6529726
FLNDLLSVL,CASSVLNTGELFF,0.6560943
LSITPEISPYF,CASSIIAGSSYNEQFF,0.45479476
GEEDGAGGHSL,CASRGQNTGELFF,0.24464323
VQIISCQY,ASSFIGGTDTQYFG,0.34775588
MVIGIPVYV,ASSFIGGTDTQY,0.66482425
WLSLLVPFV,ASSIGGPYEQYFG,0.38605002
AVYDGREHTV,CASSVLNTGELFF,0.4728343
TLEELDWCL,CASRGQNTGELFF,0.13671616
ESEERPPTPY,CASSILGASNQPQHF,0.115472905
RMDYNNMQM,ASSFIGGTDTQYFG,0.61730117
KLFEFLVHGV,ASSFIGGTDTQY,0.4452708
LGYGFVNYI,ASSIGGPYEQYFG,0.6073473
GQFLTPNSH,ASSSWDTGELF,0.4650964
FLWSVFMLI,CASSSWDTGELFF,0.61738515
QLSSLGLNAV,CASSLNMNTEAFF,0.58172715
NLVPMVAAV,CASRNTGTTNEKLFF,0.33649683
MLFSHGLVK,CASSSTGADSHEQFF,0.65031826
ELAAIGILTV,CASRLVRKKGEDQPQHF,0.6510104
FLKEMGGL,CASSQESGGGTEAFF,0.598687
LIFNMFYWI,CASSDNDWRLQYF,0.6774367
TAMDLFVTV,CASSDPRGQPNQPQHF,0.22517526
RMAAISNTV,CASTQPVDMNTEAFF,0.63805497
HMTEVVRHC,ASSSRSSYEQY,0.21494097
LLFGFPVYV,CASSSRSSYEQYF,0.70384717
WTYRPEVRGVW,ASSDTVSYEQY,0.28533852
YFFWGLWAL,CASSDTVSYEQYF,0.72745776
QTNPVTLQY,CASSYSPGTGNTIYF,0.57216585
YLDELIRNT,CASSLADVGQYDTDTQYF,0.54701304
FIFSYVVAV,CASSLGQAYEQYF,0.70588934
RYPLTLGWCF,ASSLGQAYEQY,0.637262
EEYLKAWTF,ASSANPGDSSNEKLF,0.80102634
TLREIRRYQK,CASSANPGDSSNEKLFF,0.56636167
RMAAISNTV,CASSEDAGNYGYTF,0.6003212
RLMKHYPGI,CAGWDRTPYEQYF,0.59681344
GEEDGAGGHSL,ASRPGLAGGRPEQY,0.7137069
FITGISILL,CASRPGLAGGRPEQYF,0.7424985
GLYDGMEHL,CASSLWEKLAKNIQYF,0.6183675
SSGVPEVRMMF,ASSLWEKLAKNIQY,0.4634152
VLLGVKLSGV,CASSFASGGYNEQFF,0.5514204
EENLLDFVRF,CASSHSWGETQYF,0.36577696
ILAKFAHWL,CASSQGGQDGHGTTNEKLFF,0.62306106
ILAAFLHWL,CASIQDRDRPNSPLHF,0.6349864
FMLLTQARL,CASSQDWGAEAFF,0.54515535
RLIKHYPGI,CASSQEQLGGEQYF,0.60489184
ELAGIGLLTV,ASSARSGELF,0.652887
FRNEGIHL,CASSARSGELFF,0.57667625
KLSHQLVLL,CATPSRAQYDYGYTF,0.19106144
LSGSPELRMIF,CAWSSSVNTEAFF,0.3895513
LLFAAFSSA,CASSLWEKLAKNIQYF,0.50466394
QLSSLGLNAV,ASSLWEKLAKNIQY,0.62878084
FMGVTYEM,CASSLWEKLAKNIQYF,0.6352216
KLLAGDEIV,ASSLWEKLAKNIQY,0.6290461
YLGGPDFPTI,CASSQAGGTGELFF,0.55744565
RYPLTLGWCF,CASSRSTGGSGNTIYF,0.4111645
RLLQCTQQAV,CASSENTGELFF,0.79499394
VVTGVLVYL,CASRIPDRNEQFF,0.25070333
ALSYTPAEV,CASSFNMATGQYF,0.6162507
KMGVTYEM,ASSFNMATGQY,0.5498684
LSITPEIAPYF,CASSSPRSSRDTDTQYF,0.253367
LPEPLPQGQGTAY,CASSSGYNEQFF,0.73201156
WTYRPEVRGVW,CASTPGTSASRDTQYF,0.7790472
FLMASISSS,CASSIGGQRYNEQFF,0.807333
RSFVPEIGMGF,CAWSVGNYGYTF,0.6350745
QLIPCMDVV,CASSSAGTEAFF,0.28573412
MLGERLFPL,CASSLWEKLAKNIQYF,0.20264794
VQYLGMLPV,ASSLWEKLAKNIQY,0.46899772
ALGIGILTV,CASSLNTEAFF,0.47756052
YLEPGAVTA,CASSVDGTEETQYF,0.3803457
KLYGLDWAEL,CASSLVTGGGEAFF,0.60133946
RVRFFFPSL,CATSAKTRLNTEAFF,0.4177429
RMAAISNTV,CASSSSSGDEQYF,0.643124
IPLTEEAEL,CASSSNIWSPDTQYF,0.75095284
ILAKFLHWL,CSARNRASYNSPLHF,0.8465826
YIDDVVLGA,CSARDWGYEQYF,0.60843366
EFFWDANDIY,ASSYQGTEAF,0.70279706
LSLRPEIPLFF,CASSYQGTEAFF,0.48977268
VLNPFIYTL,CASSQDIGNFEQFF,0.715314
RMAAISNTV,CSALTGNQPQHF,0.48790634
SVLENFTILL,CASRPGTSSYEQYF,0.24114148
RVIGMPPPV,CASRPGTASYEQYF,0.77236986
ARNLVPMVATVQGQN,CASSLWEKLAKNIQYF,0.5799364
LPEGLPQGQLTAY,ASSLWEKLAKNIQY,0.5641115
VLENFTIFLV,CASSLASQVETQYF,0.70560014
LMDYWQGQL,CASSYGLEQYF,0.4458188
LMDYWQGQL,CASSMGGTYEQYF,0.27043852
LVIGMPPPV,ASSPGGNEQL,0.29766825
IPLTEEAEL,CASSFLMTSGDPYEQYF,0.52474225
FDVMVMPNL,ASSSDQNSGDPYEQYF,0.4833894
APRGAHGGAASGL,CASSLWEKLAKNIQYF,0.44809282
MLLKHDVSL,ASSLWEKLAKNIQY,0.25717357
ESEERPPTPY,CASSLWEKLAKNIQYF,0.6964866
LLQCTQQAV,ASSLWEKLAKNIQY,0.7080785
GQFLTPNSH,CASSPWTGAEKLFF,0.7211255
AAFKRSCLK,CASSQDRGKDTQYF,0.4002732
AMAGSLVFL,ASSARSGELF,0.8480598
YHSIEWAI,CASSARSGELFF,0.3645275
KLLAGVEIV,CASSYGQPNTEAFF,0.58486664
YLEPGPVAA,CASSFGGASEAFF,0.2937755
YIFLGNLAL,CASSFGSGEQFF,0.5881362
VLNPFIYTL,CASSYGNTGELFF,0.5516546
WLLPTWGV,CASSFRGNTGELFF,0.73742634
SMGVTYEM,CASSVAGGSGNTIYF,0.82196057
QTNPVTLQY,CASSEMDGSNQPQHF,0.35882023
IMLEALERV,CASSYGVNTEAFF,0.586259
LHMEFCSCC,CASTYRDSGNTIYF,0.685598
FLKEMGGL,CAISRGDTEAFF,0.25836903
VLASPSVPL,ASSDTVSYEQY,0.21212527
HPVGDADYFEY,CASSDTVSYEQYF,0.2642041
FYGKTILWF,ASRPGLAGGRPEQY,0.6421185
ALVGAIPSI,CASRPGLAGGRPEQYF,0.43995416
FLASPSVPL,ASRPGLAGGRPEQY,0.48603898
SSCMGGMNWR,CASRPGLAGGRPEQYF,0.7237013
HQLGGVVEV,CSARGGGFETQYF,0.5218189
EENLLDFVRF,CASSLGPGGASYTF,0.6093682
ESITGSLGPLL,ASSLGQAYEQY,0.62114924
HPVGQADYFEY,CASSFNMATGQYF,0.17073706
RQFGPDWIVA,ASSFNMATGQY,0.13797009
EMMLFDWKV,CASGGDAYEQYF,0.09241605
ESEERPPTPY,CASIPVGSRNTIYF,0.736151
CPSQEPMSIYVY,ASRPGLAGGRPEQY,0.75431466
LLFNILGGWV,CASRPGLAGGRPEQYF,0.781881
EIAGIGILTV,CASSLWEKLAKNIQYF,0.4606492
VVTGVLVYL,ASSLWEKLAKNIQY,0.5515672
SLYNTIATL,CASTSYTEAFF,0.71284854
LLAIKVPNV,CAGMTVTEAFF,0.25866655
ILAKFAHWL,CASSPVGDTQYF,0.34497702
QLRSLGLNAV,CSVQGNSEAFF,0.45897472
HIMPDTAEI,ASRPGLAGGRPEQY,0.28300294
LLAMKVPNV,CASSFPDRGQGVYGYTF,0.6304102
FLPDLNVNA,CASSWWLNTEAFF,0.6058128
AVGSHVYSV,CSVEDRRGPFYGYTF,0.5971934
FIYQYYSSI,CASSNRGYDEQYF,0.5453098
RCMLQCPSV,CASRLWFWALEAF,0.3784482
GTSGSPIVDR,CASLAGQGYNEQF,0.79452866
RLSDFSEQL,CASSRDFVSNEQYF,0.9183326
LIFNMFYWI,CASSRDTVNTEAFF,0.6646965
ELGGIGILTV,CASSRDFVSNEQYF,0.0919122
APARLERRHSA,CASSRDTVNTEAFF,0.7188533
TLRGRAYGL,CASSHTTGGRTEAFF,0.3432418
LLAMKVPNV,CASSTKAGGLADTQYF,0.27527708
KLSHQLVLL,CASSRDFVSNEQYF,0.31681567
GQFLTPNSH,CASSRDTVNTEAFF,0.24478261
KLVALGINNV,CASSRDFVSNEQYF,0.22913575
LLQCTQQAV,CASSRDTVNTEAFF,0.2614596
KLTESLHKV,CASSPRGRDETQYF,0.28724223
IMLEALERV,CASSPRGREETQYF,0.7357049
NMMWFQGQL,CASSLRSSYEQYF,0.16505899
GTSGSPIVDR,CASSPGGEGEQYF,0.42235804
GTSGSPIVAR,CASSTSAANQPQHF,0.20935954
NMEYMTWDV,CASSGGTGYEQYF,0.83099836
MLLKHDVSL,CASSFATGTAYGYTF,0.80546653
LIFNMFYWI,CASSNPQGAKYEQFF,0.36807987
GTSGSPIVDR,CASSPGPNQPQHF,0.31818062
RQWGPDPAAV,CASTPTGNTEAFF,0.49837977
VLENFTIFLV,CASLGAQNNEQF,0.55320406
GILEFVFTL,CASSYSTGDEQYF,0.3145268
TMAAISNTV,CASSLDFSRQETQYF,0.19863468
FMIGYASAL,CASSLYLASNTGELFF,0.63878715
RYGSFSVTL,CASSLYRGTGELFF,0.5155574
KLVALGINNV,CASSESRSGNQPQHF,0.76033103
SVLENFTIFL,CASSFDRGYGYTF,0.74710745
ELAGIGILAV,CASSSQGGYGYTF,0.7401812
FITGISILL,CASSRDFVSNEQYF,0.40629703
VLEEVDWLI,CASSRDTVNTEAFF,0.53757817
KIILFLPCI,CASSLIRGSYEQYF,0.40605637
FQDYIKSYL,CSARDRNYGYTF,0.32920104
ALWGPDPAAA,CASSDRNTNYGYTF,0.2203298
TEDEHFEFY,CASSMRVQSNTGELFF,0.7029574
TAMDIFVTV,CASSESGRAEAFF,0.49602413
KLPLDINPV,CASSPGKTEAFF,0.830708
FLKEQGGL,CASSGRVTGGFYNEQFF,0.67667496
FLNVLFPLL,CASSFGGAYEQYF,0.7377301
ILLDWAANV,CASSLARNQPQHF,0.4145446
HIAKSPFEV,CASGGADMKTEAFF,0.21761788
VLNPFIYTL,CASSRAGTGYNEQFF,0.2867607
LASYFFWGL,CASSPSVYFEVSGANVLTF,0.5084965
EEAAGIGIL,CASQTFSPGQTQF,0.757028
GPGMKARVL,CAILGQGYGYTF,0.7122149
LPEPLPQGQGTAY,ASSLGQAYEQY,0.82675326
LLFGYPRYV,ASSFTWTSGGATDTQY,0.39910853
ILIVMFPFL,ASSLGQAYEQY,0.82113665
TAMDIFVTV,ASSFTWTSGGATDTQY,0.1862466
LMDYWQGQL,ASRRGSLELV,0.3367945
FLDEFMEAV,ASRRSAYLQY,0.2697137
IPLTEEAEL,AWSETGLGMGGWQ,0.2640042
LLIASVTWL,RPGWMAGL,0.34499285
KLPLDINPV,CASSQNGSEAAYSNQPQHF,0.5048979
QDVEIPPNI,CASSTPGGWNTEAFF,0.21561404
GPGMKARVL,AWSETGLGMGGWQ,0.2828685
KLFEFLVHGV,RPGWMAGL,0.39302662
KLSHQLVLL,CASSIGDYEQYF,0.75194967
ALIHHNTYL,CASSTGADLTYEQYF,0.752738
FMLLTQARL,CASSVLNTGELFF,0.3955196
YLCLQNNFI,CASRGQNTGELFF,0.7257159
RVRFFFPSL,ASRRGSLELV,0.36996108
VLMGGVPGVE,ASRRSAYLQY,0.15397193
FMLLTQARL,AWSETGLGMGGWQ,0.7093543
SLLQGSPHL,RPGWMAGL,0.4999619
LMDMHNGQL,ASRRGSLELV,0.7040458
VLNGTVHPV,ASRRSAYLQY,0.68176216
ALWGPDPAAA,ASSLGQAYEQY,0.70651245
LSITPEISPYF,ASSFTWTSGGATDTQY,0.26809797
MVIGIPVYV,CASREQGMNTEAFF,0.74979377
NLVPMVASV,CASRPRQVETQYF,0.35457978
EVDPIGHLY,ASRRGSLELV,0.14957896
LLFGFPVYV,ASRRSAYLQY,0.61844635
SALRPEIRLLW,AWSETGLGMGGWQ,0.27459112
RHDLPPYRVYL,RPGWMAGL,0.1940743
EIAGIGILTV,CASQTFSPGQTQF,0.1768917
FIMGISILL,CAILGQGYGYTF,0.20739132
ARNLVPMVATVQGQN,CASSEDAGNYGYTF,0.49393576
ALIHHNTHL,CAGWDRTPYEQYF,0.40839136
FLFMYLVTV,AWSETGLGMGGWQ,0.6025921
ALEPGPVTA,RPGWMAGL,0.45993567
YLEPGPVAA,CASQTFSPGQTQF,0.15354662
NSVKPEIRPVW,CAILGQGYGYTF,0.10887054
YLEPGPATA,ASRRGSLELV,0.5476127
YLGGPDFPTI,ASRRSAYLQY,0.48294118
FLASPSVPL,CASQTFSPGQTQF,0.80952936
ELAGIGILSV,CAILGQGYGYTF,0.46851653
YVVTWIVGA,ASSPVTGGIYGYT,0.6534156
QLRSLGLNAV,CASSLAPGTTNEKLFF,0.630237
RLIKHYPGI,CASLGLEYEQYF,0.2792342
LMDYWQGQL,CATRGGEGQPQHF,0.25528172
FLKEMGGL,CASSQARGGAETQYF,0.31862372
LSEFCRVLCCYVLEE,CAISRQGARQETQYF,0.47477704
KLVALVINAV,CASSVLNTGELFF,0.7402952
FVVPYMIYLL,CASRGQNTGELFF,0.23590094
MLFSHGLVK,CASSQGIAGSNQPQHF,0.492002
ALAGIGILTV,CASRDHRVIYGYTF,0.5594602
APRGPHGGAASAL,ASSLGQAYEQY,0.6219072
WLLPTWGV,ASSFTWTSGGATDTQY,0.7957368
SLYNTVATLY,ASRRGSLELV,0.6624762
YVTAMDLFV,ASRRSAYLQY,0.8298602
QDVEIPPNI,ASRRGSLELV,0.22713587
LLIASVTWL,ASRRSAYLQY,0.4037674
YLGGPDFPTI,CASSSSSGDEQYF,0.5164679
FLPDLNVNA,CASSSNIWSPDTQYF,0.49833408
FLKETGGL,ASRRGSLELV,0.58315945
AMAGSLVFL,ASRRSAYLQY,0.54243445
ALSYTPAEV,CASQTFSPGQTQF,0.7753237
FMIGYASAL,CAILGQGYGYTF,0.5764507
CLLGTYTQDV,CASSFGGASEAFF,0.55539685
ILIVMFPFL,CASSLAAGGGETQYF,0.57083917
GTSGSPIVDR,CASSFGQEEGQPQHF,0.82685107
TMDFYQGQL,CASSSGTGAYEQYF,0.80975026
RIAAWMATY,CASSLASGSNQPQHF,0.785342
NLVAMVATV,CASSDGNEQFF,0.6303402
ILAKFLHWL,CASSPTAEAFF,0.52931577
KLPLDIDPV,CASSFNYNEQFF,0.67962575
IMLEALERV,CASSFLGTGLNEQYF,0.58245075
KLLAGDEIV,CASSFSATGELFF,0.28465426
FIDQYYSSI,CASSHRGSGNTIYF,0.24950795
GLYDGMEHL,CASSLLPEGTGRVSGYTF,0.3099036
HPVGDADYFEY,CASSLEIFGGIADTDTQYF,0.4750327
YVNELVVFV,CASSHHSGGIYNEQFF,0.70052624
VVTGVLVYL,CASSPGVGTEAFF,0.4634875
ALSYTPAEV,CASSALAGGYNEQFF,0.5024177
LLIDLTSFLL,CASSSTDGYQETQYF,0.2859681
VMAPRTLVL,CSVPGTAYEQYF,0.26436698
RLMKHYPGI,CASTWTGEQYF,0.6431536
SLDLTTSPV,CASSLFTGTNEQFF,0.6985636
FLMASISSS,CASSPHAGGVDEKLFF,0.8045683
LIFNMLYWI,CASSLDQGAQDNEQFF,0.6518242
RLDAMNGQL,CASSMGTGGFYGYTF,0.5500525
YLGGPDFPTI,CASSQDWAASNSPLHF,0.83102405
SLDPTTSPV,CASSPGPYEQYF,0.6584748
YIDDVVLGA,CASSQGYEQYF,0.5670503
FLFMYLVTV,CASSLSWGSSYNEQFF,0.7396605
YLCSGSSYFV,CASDPDSLIHNTGELFF,0.397212
TMDFYQGQL,CASSLMGGGNTIYF,0.13777983
GEIYKRWII,CSANPRTTLYEQYF,0.5050535
FMSAYSGVL,CASSPGREQYF,0.74326193
KLFEFLVHGV,CASSPPDQVYNEQFF,0.65037054
GTSGSPIVDR,CASSLAENSGNTIYF,0.2280383
LHMEFCSCC,CASSAGLFPEQFF,0.8819672
QDVEIPPNI,CASSLRTNSDTQYF,0.4796077
CLLWSFQTSA,CATSSEDSSNQPQHF,0.2638051
KLFEFLVHGV,CASSLVSPSEQFF,0.70643103
KLANPLPYT,CSVGLGQTGTEAFF,0.37127855
TMSSSHLFYL,CASSGPIVETQYF,0.7108393
ILLDWAANV,CASSQGGQDGHGTTNEKLFF,0.6091916
FRNEGIHL,CASSPGASYEQYF,0.4839892
HSKRKCDEL,CASSLTGSSDTQYF,0.8286177
YLLPAIVHI,CATSFAPGQGEHGYTF,0.8419641
FVVPYMIYLL,CAISESKGNYGYTF,0.5404461
WLSLLVPFV,CASSFEWSYEQYF,0.5543178
FVVPYMIYLL,CASSTGADLTYEQYF,0.57928807
RMAAISNTV,CASSESTIVQGYNEQFF,0.15071456
HQNPVTGLLL,CSARNRDTYYNEQFF,0.4313354
YVDDVVLGA,CASSTSTGQGWHYGYTF,0.5021083
ILCETCLIV,CASSSTGGGGELFF,0.4888111
MLWGYLQYV,CAITSGFSYEQYF,0.58508915
KIFGSLAFL,CATQWTGGHEQYF,0.701619
ELGGIGILTV,CASRTDRFLGAFF,0.5508365
KTFPPTEPK,CASSANRGPDTEAFF,0.31503594
SLYNTIATL,CASAGETQYF,0.3760186
LAMPFATPM,CSVPVFGRGTGELFF,0.28303868
FILDAVQRV,CASRRGPYEQYF,0.7600252
KASEKIFYV,CASSLWAGHGYTF,0.4534223
NSVKPEIRPVW,CASSWDYTEQYF,0.31881863
CVETMCNEY,CASSDWVSYEQYF,0.48636281
FVYVFTTHL,CASSGLAGFSPQETQYF,0.5578612
SMGVTYEM,CASSPSGLAGSNLGNEQFF,0.63098276
ELAGIGILTI,CASSPSGLAGSNLGNEQFF,0.38929188
YMLDLQPETT,CASSQDRGIGYGYTF,0.46668464
RLIKHYPGI,CASRPGLAGGRPEQYF,0.36760998
WTYRPEVRGVW,CASSWTGDSNQPQHF,0.61414933
KINAWIKVV,CASSLGQGDFGETQYF,0.5275821
FFAGGIGIRTI,CATWDSGNIQYF,0.88363814
GAVECCPNC,CASSRDTVNTEAFF,0.11898848
ILLDWAANI,CASSPSGLAGSNLGNEQFF,0.3245098
MLLKHDVSL,CASSPVYGVAYEQYF,0.08920431
FIDCYLLAI,CASPGLAGEYEQYF,0.16982916
FVVPYMIYLL,CASSPSGLAGSNLGNEQFF,0.33556157
EEYLKAWTF,CASSPSGLAGSNLGNEQFF,0.81021774
GSLAPEIRMYW,CASSRDFVSNEQYF,0.3914574
SALRPEIRLLW,CASSFSAREYGYTF,0.597461
ILAKFLHWL,CSAIYREGNTGELFF,0.4151615
ARNLVPMVATVQGQN,CASSLVNGLGYTF,0.7427987
CHIPVEPNT,CASSRDTVNTEAFF,0.7488653
GTSGSPIVDR,CASSPSGLAGSNLGNEQFF,0.58800876
ELAGIGIATV,CASPGLAGEYEQYF,0.5742408
FLSDHLYLV,CASPGLAGEYEQYF,0.69363683
LTISPEIPSYF,CASSRTSPTDTQYF,0.70998573
FYGKTILWF,CASSSTRGWADTQYF,0.51701516
YMLDLQPETT,CASSLVNGLGYTF,0.5725604
RTYVPEIKHRW,CASSLVNGLGYTF,0.35895786
YLEPGAVTA,CASPGLAGEYEQYF,0.9133085
GAVECCPNC,CASSLLGLIKETQYF,0.5497295
VMAPRTLIL,CASSPTGTGYNEQFF,0.66424745
MMWDRGLGMM,CASRTRGGTLIEQYF,0.21169084
KLSELHAYI,CASSLAGSKLYEQYF,0.84909177
MVNTVAGAMK,CASRDHRVIYGYTF,0.8407002
APRGPHGGAASAL,CASSPSGLAGSNLGNEQFF,0.3925161
ALIHHNTYL,CASSLNSGHTQYF,0.6258105
ALAGIGILTV,CASSPRPLEGLYGYTF,0.47565073
LLIDLTSFLL,CASSLDREDEQYF,0.40638837
KASEKIFYV,CASSRDTVNTEAFF,0.23922107
QLCDVMFYL,CSVRSGNEQFF,0.7243469
MLMLAVIVA,CATGTGGNDYEQYF,0.4728735
KSFVPELKPAF,CASSLYRGKETQYF,0.5953311
ILIVMVPFL,CASRPGLAGGRPEQYF,0.40533793
LPEGLPQGQLTAY,CASSLSFGTEAFF,0.6876297
AMAVLYLAL,CASSESQGDYYGYTF,0.28334883
GTSGSPIVAR,CASSDLPGAPTDTQYF,0.6685469
KLSHQLVLL,CASSPGTVKETQYF,0.8632453
KLFEFLVHGV,CASSHDDRGPNEKLFF,0.472099
WLDNFELCL,CASPGLAGEYEQYF,0.19800314
ILAKFLHWL,CAWSAASGGAQDTQYF,0.19761172
CLGGLLAMV,CASSLSFGTEAFF,0.79765826
APRGPHGGAASAL,CASSFGTGGYEQYF,0.6748728
KINAWIKVV,CASSVGGGVTDTQYF,0.68127906
TLNAWVKVV,CASSGRSTDTQYF,0.5239262
HMTEVVRHC,CASSYSPGTGNTIYF,0.36919272
LAITPEIAPYF,CASSVERENTGELFF,0.52935517
ARNLVPMVATVQGQN,CASSFGGGLQETQYF,0.70333934
GVYDGREHTV,CASSPNPQGANMDTQYF,0.5962454
LMDYWQGQL,CASSLSGGLLRTGELFF,0.42591852
ALIHHNTHL,CASRPWTGANEKLFF,0.43769115
ALEPGPVTA,CSVRVGTQYF,0.31476253
MEVDPIGHLY,CASSQEFVGAVLDTQYF,0.68099403
MMDFFNAQM,CASSLSYTPHQPQHF,0.63197184
WLLPTWGV,CASSPSGLAGSNLGNEQFF,0.7439443
YLEPGPVAA,CASSLVNGLGYTF,0.59360343
LTITPEIAPYF,CASSRDTVNTEAFF,0.4596592
WLLPTWGV,CASSPLDVSISSYNEQFF,0.7267725
HPVGDADYFEY,CASPGLAGEYEQYF,0.7619198
VMAPRTLIL,CASSPSGLAGSNLGNEQFF,0.16660963
LIFNMFYWI,CASPGLAGEYEQYF,0.15479879
KLVVLGINAV,CASSPSGLAGSNLGNEQFF,0.5689337
YMDGTMSQV,CASDEKLFF,0.5082644
MMDFFNAQM,CASSLVNGLGYTF,0.809155
ALIHHNTYL,CASSHQAGALYNEQFF,0.29841644
GLLDEDFYA,CASSLAYRPYEQYF,0.7662324
IPLTEEAEL,CASSRDTVNTEAFF,0.8935615
RMAAISNTV,CASSFLGTGVEQYF,0.55996245
CPSQEPMSIYVY,CASSVGNGASTDTQYF,0.56022656
VMAPRTLIL,CASSLGGNLYEQYF,0.58270156
YLCLQNNFI,CASSPGGGKETQYF,0.5086912
NLVGMVATV,CASPGLAGEYEQYF,0.36090478
ALAGIGILTV,CASSPSGLAGSNLGNEQFF,0.6667652
VQIISCQY,CASSPSGLAGSNLGNEQFF,0.25163814
FLASPSVPL,CASSLVPLSPEQYF,0.5139533
FLKEMGGL,CASSTINTNSPLHF,0.4955135
LLYGFVNYI,AWSETGLGTGELF,0.5788721
FIFSYVVAV,CASSGRQGIDTEAFF,0.64803135
YVTAMDLFV,ASPGLAGEYEQY,0.15150975
KLSGLGINAV,CASSVVAGFNEQFF,0.38827294
VQIISCQY,CASSSDRGEQFF,0.12451732
LLFGFPVYV,AWSETGLGTGELF,0.5643165
VVTGVLVYL,CATSTRDTGNEQFF,0.6915984
CLLWSFQTSA,ASSPVTGGIYGYT,0.725186
KLVALVINAV,RPGWMAGL,0.79303277
LSEFCRVLCCYVLEE,AWSETGLGTGELF,0.53761566
KIILFLPCI,CASSLGGGGPQETQYF,0.3907188
FMGVTYEM,CASTGSYGYTFGSGTRLTVT,0.71101034
SMDWFQGQM,RPGWMAGL,0.5425019
ALAGIGILTV,ASSYQGTEAF,0.40693837
YHSIEWA,CASTPLSNQPQHF,0.2533614
GLYDGMEHL,CASTGSYGYTFGSGTRLTVT,0.49796242
MLIGIPVYV,CASTGSYGYTFGSGTRLTVT,0.6288948
FLASPSVPL,CASSDSLGDRGSYEQYF,0.5593392
YLDELIRNT,CASTGSYGYTFGSGTRLTVT,0.608316
SYMIMEIEL,CASSYLTGEGDYGYTF,0.34248644
GTSGSPIVAR,CASSLAPGTTNEKLFF,0.5799226
EEYLQAFTY,ASSPVTGGIYGYT,0.39845145
TMAAISNTV,ASPGLAGEYEQY,0.7349726
YVTAMDLFV,RPGWMAGL,0.56631094
APRGPHGGAASGA,CSAPSYRELAGAYLQETQYF,0.33059385
FQAQHIAMA,ASSYVSQNNEQF,0.47784328
FATGIGIITV,CSALTGNQPQHF,0.2925495
FLRGRFYGL,CASSHRGSGNTIYF,0.5814532
ARNLVPMVATVQGQN,CASSPGGGASYEQYF,0.47370282
LLFGPVYV,CASTGSYGYTFGSGTRLTVT,0.21205226
ELAGIGILTI,ASRPGLAGGRPEQY,0.51031345
GTSGSPIVDR,CASSYGVNTEAFF,0.56356466
QLIPCMDVV,CASTGSYGYTFGSGTRLTVT,0.17909774
WLWEPLRVV,CASTGSYGYTFGSGTRLTVT,0.44982362
HIMPDTAEI,RPGWMAGL,0.53566
FQDYIKSYL,CASTGSYGYTFGSGTRLTVT,0.3831818
GAVECCPNC,CASSYLTGEGDYGYTF,0.64564204
SILDAVQRV,RPGWMAGL,0.71642303
GPEPLPQGQLTAY,ASSLRGRGDQPQH,0.55418897
KSFVPELKPAF,CASSALAGGYNEQFF,0.6308596
GPGMKARVL,AWSETGLGTGELF,0.61486137
KLAKPLPYT,CASTGSYGYTFGSGTRLTVT,0.4850798
FATGIGIITV,CASSDGGISYNEQF,0.44085836
YMPTTIIAA,ASSPVTGGIYGYT,0.63682485
YLLAIFSGL,RPGWMAGL,0.77234566
YLEPGPATA,CASQTFSPGQTQF,0.23466563
FLKEMGGL,AWSETGLGTGELF,0.8139293
KLNTITAVV,CASSFGGLYGYTF,0.6740161
LLFNILGGWV,CASTGSYGYTFGSGTRLTVT,0.37462878
ELAGIGIITV,CASSPPDQVYNEQFF,0.7332536
FMYSDFHFI,CASTGSYGYTFGSGTRLTVT,0.64103097
LMASISSFL,CASTGSYGYTFGSGTRLTVT,0.60084045
FMPDFDLHL,ASPGLAGEYEQY,0.6251099
FRNEGIHL,CASSYGQPNTEAFF,0.22016978
KLVVLGINAV,ASSLRGRGDQPQH,0.5135373
GPGMKARVL,CASSPSWLSGVTQYF,0.45410687
GTIRPEIREMW,CAILGQGYGYTF,0.6276469
YLQDSMATT,CASSYFGGSLSEQYF,0.81445575
RQFGPDWIVA,CASSDNDWRLQYF,0.9021865
YLWPPVQLA,AWSETGLGTGELF,0.6097214
RMAAISNTV,RPGWMAGL,0.5325572
TLNAWVKVV,CASTGSYGYTFGSGTRLTVT,0.47912943
LTITPEIAPYF,CASSFLGTGLNEQYF,0.6074689
ALIHHNTYL,CASTGSYGYTFGSGTRLTVT,0.9012059
EHEGSGPEL,CASTGSYGYTFGSGTRLTVT,0.3333248
SMDWFQGQM,CASTGSYGYTFGSGTRLTVT,0.7526125
LIIPCIHLI,CASSDGGISYNEQF,0.809654
GTSGSPIVAR,CASSFLGTGLNEQYF,0.3127942
YLVALGINAV,ASSSRSSYEQY,0.8510172
FLRGRAFGL,CASTGSYGYTFGSGTRLTVT,0.3513953
GAVECCPNC,AWSETGLGTGELF,0.2311998
QLTSLGLNAV,CASTGSYGYTFGSGTRLTVT,0.5961071
RPHERNGFTV,CASTGSYGYTFGSGTRLTVT,0.7302232
SSFSPELRMRW,ASSPVTGGIYGYT,0.6650758
KLYGLDWAEL,ASSYVSQNNEQF,0.73547286
VQYLGMFPV,CASTGSYGYTFGSGTRLTVT,0.19640017
YLLFMIGYA,CASTGSYGYTFGSGTRLTVT,0.7511236
MVWGPDPLYV,CASTGSYGYTFGSGTRLTVT,0.612752
AARAVFLAL,ASPGLAGEYEQY,0.32585108
TAMDIFVTV,CASSEMDGSNQPQHF,0.43934906
FIMGISILL,CASTGSYGYTFGSGTRLTVT,0.5842512
VYAIFIFQL,CASSLDIGDQPQHF,0.6543672
ASFSPELRMAW,CASSISPSSYEQYF,0.60818875
LMVPHSPSL,CASSGRQGIDTEAFF,0.46115518
ILGGQVVHTV,CASTGSYGYTFGSGTRLTVT,0.5718389
APRGPAGGAASGL,CASSYLTGEGDYGYTF,0.6762652
TEDEHFEFY,ASRPGLAGGRPEQY,0.85558814
HIMPDTAEI,CASSALAGGYNEQFF,0.48530334
VLASPSVPL,ASSYVSQNNEQF,0.086671256
VLASPSVPL,CASTGSYGYTFGSGTRLTVT,0.5241496
FLDEFMEGV,CASSRRRDLGNEQFF,0.453094
KINAWIKVV,CASTGSYGYTFGSGTRLTVT,0.23654613
CLLGTYTQDV,AWSETGLGTGELF,0.64442766
KLLAGVEIV,RPGWMAGL,0.284604
EFFWDANDIY,CASSYGQPNTEAFF,0.56335473
QDVEIPPNI,CASTGSYGYTFGSGTRLTVT,0.4459443
YLEPGPVAA,ASSYQGTEAF,0.84514564
KVDPIGHVY,ASSLGQAYEQY,0.6961123
YMGVVYEM,RPGWMAGL,0.39775658
SMDWFQGQM,ASSARSGELF,0.5433901
YLQQNWWTL,CASSLIDSPYEQYF,0.39135802
EEYLQAFTY,ASRPGLAGGRPEQY,0.25779098
NLQREEYTV,ASSPVTGGIYGYT,0.5689868
YMDDVVLGA,ASSLRGRGDQPQH,0.594303
ILGGQVVHTV,CASSLNTEAFF,0.7724316
LPEGLPQGQLTAY,RPGWMAGL,0.5755367
FLFMYLVTV,CASSLDIGDQPQHF,0.8353923
KTVGIYPNA,CASSFRGPNLYTEAFF,0.8527888
FPQGEAREL,CAILGQGYGYTF,0.87320125
LLAMKVPNV,CASSVDGGSQPQHF,0.6017245
TMETIDWKV,CASSFPTSGQETQYF,0.64074326
HQNPVTGLLL,AWSETGLGMGGWQ,0.7220893
NLQREEYTV,CASTLGQGNTEAFF,0.32422075
TLSKPSPMPV,CASSLAPGTTNEKLFF,0.21481225
KLYGLDWAEL,CASTGSYGYTFGSGTRLTVT,0.49601436
NLVAMVATV,CASSYGQPNTEAFF,0.1941114
ALRGMGVNAV,CASSSGQVQETQYF,0.72362405
HQNPVTGLLL,CASSPTAEAFF,0.7304753
FMGVTYEM,CASSLDQGAQDNEQFF,0.7333838
CLAGLLTMV,CASTGSYGYTFGSGTRLTVT,0.44967225
VMAPRTLIL,CASSTSTGQGWHYGYTF,0.54902124
VYAIFIFQL,ASSYVSQNNEQF,0.7204827
LVFPLVMGV,CASTGSYGYTFGSGTRLTVT,0.57294977
FLKEQGGL,CASSLAPGTTNEKLFF,0.603014
FILDAVQRV,ASSYVSQNNEQF,0.29866275
YQFGPDFPIA,CASTGSYGYTFGSGTRLTVT,0.6885142
KLYGLDWAEL,CASSLGQAYEQYF,0.5843157
ALWGPDPAA,CASRPGLAGGRPEQYF,0.45764434
FQAQHIAMA,CASTGSYGYTFGSGTRLTVT,0.3052636
