Peptide,CDR3,label
VQYLGMFPV,CASSQNGSEAAYSNQPQHF,1
VQYLGMFPV,CASSTPGGWNTEAFF,1
VQYLGMFPV,CASNSGPNEKLFF,1
VQYLGMFPV,CASSLGQGYNEQFF,1
YLDELIRNT,CASSVEGALTDTQYF,1
YLDELIRNT,CASSEPGPWAFF,1
YLDELIRNT,CASSWDRGTYEQYF,1
YLDELIRNT,CASSALAGGYNEQFF,1
ALSYTPAEV,CASSTQGTGVYNEQFF,1
ALSYTPAEV,CASSSDRGEQFF,1
ALSYTPAEV,CASSLGQEIPYYGYTF,1
ALSYTPAEV,CASSSPSGYEQYF,1
LLIASVTWL,CASSSGGAWYTF,1
LLIASVTWL,CATSGTGGTGELFF,1
LLIASVTWL,CSVEGLAGRGYNEQFF,1
LLIASVTWL,CASSLVRDRHTEAFF,1
FLNVLFPLL,CASSHNRGYEQYF,1
FLNVLFPLL,CSAPSYRELAGAYLQETQYF,1
FLNVLFPLL,CASSRGLQETQYF,1
FLNVLFPLL,CASSIGLNTEAFF,1
ALIHHNTHL,CASSLAVQRPSGNTIYF,1
ALIHHNTHL,CASSIESGSKQRNEQFF,1
ALIHHNTHL,CASSPRDRVHEQYF,1
ALIHHNTHL,CASSQSETGDGYTF,1
VLNPFIYTL,CASSQGISTGELFF,1
VLNPFIYTL,CASSQEGRQGSYNEQFF,1
VLNPFIYTL,CASTHWERVDEQFF,1
VLNPFIYTL,CASSAAGQELGYTF,1
VVTGVLVYL,CASSTSAGFSNQPQHF,1
VVTGVLVYL,CAWSGFSRTEAFF,1
VVTGVLVYL,CASSLVGGITGELFF,1
VVTGVLVYL,CASSQDPGNGNTIYF,1
LLLNMLIVL,CASSEELYNEFF,1
LLLNMLIVL,CASSLAGGTEAFF,1
LLLNMLIVL,CASSSESGELFF,1
LLLNMLIVL,CASGTELMNTEAFF,1
VLENFTIFLV,CSVELTTYEQYF,1
VLENFTIFLV,CASSSQELTEAFF,1
VLENFTIFLV,CASSIAQGGNQPQHF,1
VLENFTIFLV,CASSEGQGYEQYF,1
KLSREIMPV,CASSLASEQYF,1
KLSREIMPV,CASRGTGTGSYEQYF,1
KLSREIMPV,CASSTGGDTQYF,1
KLSREIMPV,CASSFLSSYNEQFF,1
FIYQYYSSI,CASTLGQGNTEAFF,1
FIYQYYSSI,CSADRPGQSQETQYF,1
FIYQYYSSI,CSARDRGFFRPGELFF,1
FIYQYYSSI,CASSQEPSLNTEAFF,1
KLLAGVEIV,CASSWREGFPYEQYF,1
KLLAGVEIV,CASSLPDRGGTKNIQYF,1
KLLAGVEIV,CASRNRDPNGYTF,1
KLLAGVEIV,CASSYVNGGAIGGELFF,1
FLFMYLVTV,CASSQESGGGTEAFF,1
FLFMYLVTV,CASSYTGWHEQYF,1
FLFMYLVTV,CASSPGQGYEQYF,1
FLFMYLVTV,CASSVDFGRTYNEQFF,1
VMAPRTLIL,ASSANPGDSSNEKLF,1
VMAPRTLIL,CASSANPGDSSNEKLFF,1
VMAPRTLIL,ASSQDRDTQY,1
VMAPRTLIL,CASSQDRDTQYF,1
APARLERRHSA,CASRDGRVHQPQHF,1
APARLERRHSA,CASRAVINTDTQYF,1
APARLERRHSA,CASSTTSGGAHNEQFF,1
APARLERRHSA,CASSLLKAANYGYTF,1
KLFEFLVHGV,CASTQGGVDTQYF,1
KLFEFLVHGV,CASSQGALGYTF,1
KLFEFLVHGV,CASSLGGNPTYNEQFF,1
KLFEFLVHGV,CASSLGDPNTEAFF,1
KASEKIFYV,CASSQDSHSTSTDTQYF,1
KASEKIFYV,CASSWEYEQYF,1
KASEKIFYV,CATSSFRMTGDNSPLHF,1
KASEKIFYV,CASSALFSGANVLTF,1
TAMDIFVTV,CSARDWGYEQYF,1
TAMDIFVTV,CASSLAAQGQRVTGELFF,1
TAMDIFVTV,CASSFGGLYGYTF,1
TAMDIFVTV,CASSGGQGWTDTQYF,1
KLNTITAVV,CSVEAGGVSEAFF,1
KLNTITAVV,CASSLETGGWETQYF,1
KLNTITAVV,CASMRPTSYEQYF,1
KLNTITAVV,CSDGTGDGYTF,1
LMMPFSIVYI,CASSLSWEYEQYF,1
LMMPFSIVYI,CASSSQTGPYSNQPQHF,1
LMMPFSIVYI,CASSQGLNPGQGLDTEAFF,1
LMMPFSIVYI,CASSLQGSDNEQFF,1
ALIHHNTYL,CASSLAVQRPSGNTIYF,1
ALIHHNTYL,CSVVGTGSVITNEKLFF,1
ALIHHNTYL,CASSIESGSKQRNEQFF,1
ALIHHNTYL,CASSDLQENQPQHF,1
LLAIKVPNV,CAQGDYNEQFF,1
LLAIKVPNV,CASSMSGWGDTQYF,1
LLAIKVPNV,CSARDPQGFDGYTF,1
LLAIKVPNV,CASGSYEQYF,1
SIIGRLLEV,CASSPWRGPFQETQYF,1
SIIGRLLEV,CASSYFGGSLSEQYF,1
SIIGRLLEV,CASSYRFDSPLHF,1
SIIGRLLEV,CASVLGGSSYNEQFF,1
EENLLDFVRF,CASSLGQAYEQYF,1
EENLLDFVRF,ASRYRDDSYNEQF,1
EENLLDFVRF,CASRYRDDSYNEQFF,1
EENLLDFVRF,CASRYRDDSYNEQF,1
YLLFMIGYT,CASSVTGRWVPLHF,1
YLLFMIGYT,CASSFASGGYNEQFF,1
YLLFMIGYT,CASSFNTEAFF,1
YLLFMIGYT,CASSHSWGETQYF,1
RMAAISNTV,CASSLAQSDSLAFF,1
RMAAISNTV,CASSSPDSNNEQFF,1
RMAAISNTV,CASSIGDYEQYF,1
RMAAISNTV,CASSLIDTGELFF,1
VYALIAGATL,CASHPVGSLTDTQYF,1
VYALIAGATL,CASSPTLYNEQFF,1
VYALIAGATL,CASSEWVFWSSYNSPLHF,1
VYALIAGATL,CASSLSYLNEQFF,1
KLSHQLVLL,CSATSGTDTQYF,1
KLSHQLVLL,CASSLGGFAGNTIYF,1
KLSHQLVLL,CASSQEIGMNEKLFF,1
KLSHQLVLL,CASSSTGALYEQYF,1
GPGMKARVL,CASSLELGDEQFF,1
GPGMKARVL,CASSLETGDEQYF,1
GPGMKARVL,CASSQETGDTQYF,1
GPGMKARVL,CASSQETGDEQYF,1
AAFKRSCLK,CASVSGQGVSPLHF,1
AAFKRSCLK,CATSRDGAGLVNQPQHF,1
AAFKRSCLK,CASSQGFGANVLTF,1
AAFKRSCLK,CASSQDPGSSYNEQFF,1
FLKETGGL,CASSFEPGQGFYSNQPQHF,1
FLKETGGL,CASSFEAGQGFFSNQPQHF,1
FLKETGGL,CASSYEPGQVSHYSNQPQHF,1
FLKETGGL,CASSYLPGQGDHYSNQPQHF,1
RPHERNGFTV,CASSPARNTEAFF,1
RPHERNGFTV,CASSPHRNTEAFF,1
RPHERNGFTV,CASSQAALAGFGYEQYF,1
RPHERNGFTV,CASSPSRNTEAFF,1
FLKEQGGL,CASSFEPGQGFYSNQPQHF,1
FLKEQGGL,CASSFEAGQGFFSNQPQHF,1
FLKEQGGL,CASSYEPGQVSHYSNQPQHF,1
FLKEQGGL,CASSYLPGQGDHYSNQPQHF,1
FLKEMGGL,CASSFEPGQGFYSNQPQHF,1
FLKEMGGL,CASSFEAGQGFFSNQPQHF,1
FLKEMGGL,CASSYEPGQVSHYSNQPQHF,1
FLKEMGGL,CASSYLPGQGDHYSNQPQHF,1
HMTEVVRHC,CASSEGLWQVGDEQYF,1
HMTEVVRHC,CASSLDPGDTGELFF,1
HMTEVVRHC,CAISELVTGDSPLHF,1
HMTEVVRHC,CASSIQQGADTQYF,1
TLNAWVKVV,CASSYRGQSYEQYF,1
TLNAWVKVV,CSARDAGGDYGYTF,1
TLNAWVKVV,CASSLVPQGEEQYF,1
TLNAWVKVV,CASSEEGAWNTGELFF,1
FYGKTILWF,CASSLGAAPQETQYF,1
FYGKTILWF,CASSTRVVAGNNEQFF,1
FYGKTILWF,CASSLGQGCSNQPQHF,1
FYGKTILWF,CASSRGTLHYGYTF,1
GQFLTPNSH,CAISEVGTGSSGNTIYF,1
GQFLTPNSH,CASRFVAPSDGYNEQFF,1
GQFLTPNSH,CASSLGQGRVEQYF,1
GQFLTPNSH,CAITSGQGNNEQYF,1
ESEERPPTPY,CASSSEGQFNEQFF,1
ESEERPPTPY,CASSYGIYEQFF,1
ESEERPPTPY,CASSPEGVFNEQFF,1
ESEERPPTPY,CASSWEGQYNEQFF,1
CCIEVINNT,CASSVLNTGELFF,1
CCIEVINNT,CASSDTPDLNTEAFF,1
CCIEVINNT,CASRGQNTGELFF,1
CCIEVINNT,CASRSQNYYGYTF,1
AMAGSLVFL,CASSPMTDSTDTQYF,1
AMAGSLVFL,CASSQDLGTGNTIYF,1
AMAGSLVFL,CASSPTPGTGETQYF,1
FIDCYLLAI,CSADRPGQSQETQYF,1
FIDCYLLAI,CASSPHTEAFF,1
FIDCYLLAI,CASDSNYGYTF,1
ILIVMVPFL,CASSLVGADRSGELFF,1
ILIVMVPFL,CASSAFGIVADTQYF,1
ILIVMVPFL,CASSPGTTTNEKLFF,1
LAMPFATPM,CASSLPLGYEQYF,1
LAMPFATPM,CASSLGTSGIQFF,1
LAMPFATPM,CASSYRTGSDEQFF,1
LMVLHSPSL,CASSFFPGELFF,1
LMVLHSPSL,CASSGRDRNF,1
LMVLHSPSL,CASSLSGFGNTIYF,1
LLAMKVPNV,CSAETGRDLEAFF,1
LLAMKVPNV,CAQGDYNEQFF,1
LLAMKVPNV,CASSQDNNEQFF,1
FIFSYVVAV,CASSDQGALSSYEQYF,1
FIFSYVVAV,CASSLSVFPGRAEQYF,1
FIFSYVVAV,CASSKGLRQFF,1
ILLDWAANV,CASSYFRQSYEQYF,1
ILLDWAANV,CASSAGPWGYTF,1
ILLDWAANV,CASSGDKNEAFF,1
QLLVSLWGL,CATSRGPTQAPYEETQYF,1
QLLVSLWGL,CASSLVGADRSGELFF,1
QLLVSLWGL,CSARDPVGGSNTGELFF,1
KLPLDINPV,CASSLASGNEQFF,1
KLPLDINPV,CASSLNPGTSYEQYF,1
KLPLDINPV,CAISRGDTEAFF,1
LLFGFPVYV,ASRPGLAGGRPEQY,1
LLFGFPVYV,ASSYPGGGFYEQY,1
LLFGFPVYV,CASRPGLAGGRPEQYF,1
VLMGGVPGVE,CASSFWGLGELFF,1
VLMGGVPGVE,CASSQGWDEQYF,1
VLMGGVPGVE,CASSTLSGNYNEQFF,1
LVMPFSIVYI,CSAETGRDLEAFF,1
LVMPFSIVYI,CASSQGLNPGQGLDTEAFF,1
LVMPFSIVYI,CASSLTGLLNTEAFF,1
FIDQYYSSI,CASSLGPSLYEQYF,1
FIDQYYSSI,CASSFWSGGTYEQYF,1
FIDQYYSSI,CASSMTVMNTEAFF,1
MLSILALVRV,CASIGVSYEQYF,1
MLSILALVRV,CASNPGTDFNTGELFF,1
MLSILALVRV,CASSYARDRNTEAFF,1
YMFLASPSV,CASSGRQGIDTEAFF,1
YMFLASPSV,CASSPYSGANVLTF,1
YMFLASPSV,CASSPDRFYEQYF,1
YLQDSMATT,CASSISTEAFF,1
YLQDSMATT,CASSVEGSSYNEQFF,1
YLQDSMATT,CASSLNTEAFF,1
AVYDGREHTV,CASSSDQNGDPYEQYF,1
AVYDGREHTV,CASSFLMTSGDYEQYF,1
AVYDGREHTV,ASSSDQNSGDPYEQYF,1
FLDEFMEAV,CASSLVTGGGEAFF,1
FLDEFMEAV,CATSAKTRLNTEAFF,1
FLDEFMEAV,CSARQTSGGSSYNEQFF,1
FLNDLLSVL,CASIETESTGELFF,1
FLNDLLSVL,CASSIGTVNRGPNTEAFF,1
FLNDLLSVL,CASSESSSTGGKWDTQYF,1
AVGSHVYSV,CASSVDGGPQETQYF,1
AVGSHVYSV,CASSLAYEQYF,1
AVGSHVYSV,CASSFRGEAFF,1
WLSLLVPFV,CASSQQGVWGTGELFF,1
WLSLLVPFV,CASSQTIGTGFSNEQFF,1
WLSLLVPFV,CASSLGQGGVGEKLFF,1
FLFTFFASI,CSAIVFSRGGDEQFF,1
FLFTFFASI,CASSLRGTGSYEQYF,1
FLFTFFASI,CASSLQGGGGYTF,1
YLLAIFSGL,CASTLGQGNTEAFF,1
YLLAIFSGL,CASSGSGASTDTQYF,1
YLLAIFSGL,CASSLPDRGGTKNIQYF,1
GILEFVFTL,ASSSRSSYEQY,1
GILEFVFTL,ASSIRSSYEQY,1
GILEFVFTL,CASSIRSSYEQYF,1
TMSFSHLFYL,CASSIDRTVGNTIYF,1
TMSFSHLFYL,CASSLGGGGPQETQYF,1
TMSFSHLFYL,CASSPDPSGNEQFF,1
IPLTEEAEL,ASRTRGGTLIEQY,1
IPLTEEAEL,CASRTRGGTLIEQYF,1
IPLTEEAEL,CASSFRGGKTQYF,1
LIFNMLYWI,CASSSQTGPYSNQPQHF,1
LIFNMLYWI,CASSLAQSDSLAFF,1
LIFNMLYWI,CASFNTGELFF,1
FMIGYASAL,CSARDRSGIDTQYF,1
FMIGYASAL,CASSDRQGIATGELFF,1
FMIGYASAL,CASSFGSGNTIYF,1
ILLDWAANI,CASSYFRQSYEQYF,1
ILLDWAANI,CASSAGPWGYTF,1
ILLDWAANI,CASSGDKNEAFF,1
TMAAISNTV,CASSVTSDQTQYF,1
TMAAISNTV,CASSQWGGNEQFF,1
TMAAISNTV,CASSFLLYNEQFF,1
GLMAIAWFI,CASSYQTGPYSNQPQHF,1
GLMAIAWFI,CSARVQGAYEQYF,1
GLMAIAWFI,CSARAGLRESTDTQYF,1
FILDAVQRV,CASSEIASYNEQFF,1
FILDAVQRV,CATSRTDISYEQYF,1
FILDAVQRV,CASSLFARGGPTDTQYF,1
KLYGLDWAEL,CASRPSRGTNYGYTF,1
KLYGLDWAEL,CASSERGMVEAFF,1
KLYGLDWAEL,CASSPRNLGPSGSYEQYF,1
YILEETSVM,CASSLVGGTGSVSYQFF,1
YILEETSVM,CASSVDGTGGALGNTIYF,1
YILEETSVM,CAWSWGDSTNSPLHF,1
SSCMGGMNWR,CASNLGGGSTDTQYF,1
SSCMGGMNWR,CASSLGTGSTDTQYF,1
SSCMGGMNWR,CASSFGSGSTDTQYF,1
KINAWIKVV,CSASRDSYEQYF,1
KINAWIKVV,CSAFSSGTGGVTGELFF,1
KINAWIKVV,CASSPRGDWEEKAGELFF,1
ARNLVPMVATVQGQN,CATESTGIGGYTF,1
ARNLVPMVATVQGQN,CASTDGQKNSPLHF,1
ARNLVPMVATVQGQN,CASSYNSAGYNEQFF,1
YMDGTMSQV,CASSLVMDNYGYTF,1
YMDGTMSQV,CSVTGTGLFDEQYF,1
YMDGTMSQV,CASSLGQGLSYEQYF,1
LIFNMFYWI,CASSFGQGYEQYF,1
LIFNMFYWI,CATSGGQSNEKLFF,1
LIFNMFYWI,CASSPGGTNEKLFF,1
NNILIATCV,CASSVLNTGELFF,1
NNILIATCV,CASSDTPDLNTEAFF,1
NNILIATCV,CASRGQNTGELFF,1
YVVTWIVGA,CASSPHSGGDPRNEQFF,1
YVVTWIVGA,CASLEAGGETQYF,1
YVVTWIVGA,CASSESGAAYTGELFF,1
LHMEFCSCC,CASSVLNTGELFF,1
LHMEFCSCC,CAIRQFDANTGELFF,1
LHMEFCSCC,CASRGQNTGELFF,1
CHIPVEPNT,CASSVLNTGELFF,1
CHIPVEPNT,CASSIIAGSSYNEQFF,1
CHIPVEPNT,CASRGQNTGELFF,1
YLEAGPVTA,ASSFIGGTDTQYFG,1
YLEAGPVTA,ASSFIGGTDTQY,1
YLEAGPVTA,ASSIGGPYEQYFG,1
YLEPGAVTA,ASSFIGGTDTQYFG,1
YLEPGAVTA,ASSFIGGTDTQY,1
YLEPGAVTA,ASSIGGPYEQYFG,1
CLLGTYTQDV,CASSQERGGPDTQYF,1
CLLGTYTQDV,CSVDLEANYGYTF,1
CLLGTYTQDV,CASSSTGGGEKDQPQHF,1
SILDAVQRV,CASSEIASYNEQFF,1
SILDAVQRV,CATSRTDISYEQYF,1
SILDAVQRV,CASSLFARGGPTDTQYF,1
IMIEFCPGG,CASSVLNTGELFF,1
IMIEFCPGG,CASSIIAGSSYNEQFF,1
IMIEFCPGG,CASRGQNTGELFF,1
RCMLQCPSV,CASSVLNTGELFF,1
RCMLQCPSV,CAIRQFDANTGELFF,1
RCMLQCPSV,CASRGQNTGELFF,1
GTSGSPIVAR,CASSLGQGLLYGYT,1
GTSGSPIVAR,CASTTGGGGYEQY,1
GTSGSPIVAR,CASSLGQGSYEQY,1
KTVGIYPNA,CASSVLNTGELFF,1
KTVGIYPNA,CASSIIAGSSYNEQFF,1
KTVGIYPNA,CASRGQNTGELFF,1
CLLWSFQTSA,CASNDRGMFNEQFF,1
CLLWSFQTSA,CASSQDQGITEAFF,1
CLLWSFQTSA,CASSDAGGHTDTQYF,1
GTSGSPIVDR,CASSLGQGLLYGYT,1
GTSGSPIVDR,CASTTGGGGYEQY,1
GTSGSPIVDR,CASSLGQGSYEQY,1
YHSIEWAI,CASSPGPNQPQHF,1
YHSIEWAI,CASSFRDEDPGNTIYF,1
YHSIEWAI,CASTPTGNTEAFF,1
FLNDLLSVM,CASIETESTGELFF,1
FLNDLLSVM,CASSIGTVNRGPNTEAFF,1
FLNDLLSVM,CASSESSSTGGKWDTQYF,1
ALEPGPVTA,ASSFIGGTDTQYFG,1
ALEPGPVTA,ASSFIGGTDTQY,1
ALEPGPVTA,ASSIGGPYEQYFG,1
GTSGAPIVNR,CASSLGQGLLYGYT,1
GTSGAPIVNR,CASTTGGGGYEQY,1
GTSGAPIVNR,CASSLGQGSYEQY,1
FDVMVMPNL,CASSVLNTGELFF,1
FDVMVMPNL,CASSIIAGSSYNEQFF,1
FDVMVMPNL,CASRGQNTGELFF,1
YLEPGPATA,ASSFIGGTDTQYFG,1
YLEPGPATA,ASSFIGGTDTQY,1
YLEPGPATA,ASSIGGPYEQYFG,1
GAVECCPNC,CASSVLNTGELFF,1
GAVECCPNC,CASRGQNTGELFF,1
GAVECCPNC,CASSILGASNQPQHF,1
YLEPGPVAA,ASSFIGGTDTQYFG,1
YLEPGPVAA,ASSFIGGTDTQY,1
YLEPGPVAA,ASSIGGPYEQYFG,1
RYPLTLGWCF,ASSSWDTGELF,1
RYPLTLGWCF,CASSSWDTGELFF,1
MLLKHDVSL,CASSLNMNTEAFF,1
MLLKHDVSL,CASRNTGTTNEKLFF,1
RHDLPPYRVYL,CASSSTGADSHEQFF,1
RHDLPPYRVYL,CASRLVRKKGEDQPQHF,1
FLGIYTVTV,CASSQESGGGTEAFF,1
FLGIYTVTV,CASSDNDWRLQYF,1
SVLENFTIFL,CASSDPRGQPNQPQHF,1
SVLENFTIFL,CASTQPVDMNTEAFF,1
GILGLVFTL,ASSSRSSYEQY,1
GILGLVFTL,CASSSRSSYEQYF,1
SLYNTIATL,ASSDTVSYEQY,1
SLYNTIATL,CASSDTVSYEQYF,1
TLSKPSPMPV,CASSYSPGTGNTIYF,1
TLSKPSPMPV,CASSLADVGQYDTDTQYF,1
EEYLKAWTF,CASSLGQAYEQYF,1
EEYLKAWTF,ASSLGQAYEQY,1
VMAPRTLVL,ASSANPGDSSNEKLF,1
VMAPRTLVL,CASSANPGDSSNEKLFF,1
FMLLTQARI,CASSEDAGNYGYTF,1
FMLLTQARI,CAGWDRTPYEQYF,1
MLWGYLQYV,ASRPGLAGGRPEQY,1
MLWGYLQYV,CASRPGLAGGRPEQYF,1
YQFGPDFPIA,CASSLWEKLAKNIQYF,1
YQFGPDFPIA,ASSLWEKLAKNIQY,1
YLLFMIGYA,CASSFASGGYNEQFF,1
YLLFMIGYA,CASSHSWGETQYF,1
FLASPSVPL,CASSQGGQDGHGTTNEKLFF,1
FLASPSVPL,CASIQDRDRPNSPLHF,1
LMLWASSSI,CASSQDWGAEAFF,1
LMLWASSSI,CASSQEQLGGEQYF,1
HPVGQADYFEY,ASSARSGELF,1
HPVGQADYFEY,CASSARSGELFF,1
ILGGQVVHTV,CATPSRAQYDYGYTF,1
ILGGQVVHTV,CAWSSSVNTEAFF,1
RQFGPDFPTI,CASSLWEKLAKNIQYF,1
RQFGPDFPTI,ASSLWEKLAKNIQY,1
AQWGPDPAAA,CASSLWEKLAKNIQYF,1
AQWGPDPAAA,ASSLWEKLAKNIQY,1
GEEDGAGGHSL,CASSQAGGTGELFF,1
GEEDGAGGHSL,CASSRSTGGSGNTIYF,1
SVLENFTILL,CASSENTGELFF,1
SVLENFTILL,CASRIPDRNEQFF,1
ESDPIVAQY,CASSFNMATGQYF,1
ESDPIVAQY,ASSFNMATGQY,1
VLLGVKLFGV,CASSSPRSSRDTDTQYF,1
VLLGVKLFGV,CASSSGYNEQFF,1
SLDLTTSPV,CASTPGTSASRDTQYF,1
SLDLTTSPV,CASSIGGQRYNEQFF,1
VLLGVKLSGV,CAWSVGNYGYTF,1
VLLGVKLSGV,CASSSAGTEAFF,1
ALWGPDPAAA,CASSLWEKLAKNIQYF,1
ALWGPDPAAA,ASSLWEKLAKNIQY,1
FLMASISSS,CASSLNTEAFF,1
FLMASISSS,CASSVDGTEETQYF,1
FLDEFMEGV,CASSLVTGGGEAFF,1
FLDEFMEGV,CATSAKTRLNTEAFF,1
RLIKHYPGI,CASSSSSGDEQYF,1
RLIKHYPGI,CASSSNIWSPDTQYF,1
TAMDLFVTV,CSARNRASYNSPLHF,1
TAMDLFVTV,CSARDWGYEQYF,1
ILAKFLHWL,ASSYQGTEAF,1
ILAKFLHWL,CASSYQGTEAFF,1
RLLPLLALL,CASSQDIGNFEQFF,1
RLLPLLALL,CSALTGNQPQHF,1
CPSQEPMSIYVY,CASRPGTSSYEQYF,1
CPSQEPMSIYVY,CASRPGTASYEQYF,1
RQFGPDWIVA,CASSLWEKLAKNIQYF,1
RQFGPDWIVA,ASSLWEKLAKNIQY,1
YLWPPVQLA,CASSLASQVETQYF,1
YLWPPVQLA,CASSYGLEQYF,1
ILDQVPFSV,CASSMGGTYEQYF,1
ILDQVPFSV,ASSPGGNEQL,1
GVYDGREHTV,CASSFLMTSGDPYEQYF,1
GVYDGREHTV,ASSSDQNSGDPYEQYF,1
YLGGPDFPTI,CASSLWEKLAKNIQYF,1
YLGGPDFPTI,ASSLWEKLAKNIQY,1
RQWGPDPAAV,CASSLWEKLAKNIQYF,1
RQWGPDPAAV,ASSLWEKLAKNIQY,1
FLTVFSPFM,CASSPWTGAEKLFF,1
FLTVFSPFM,CASSQDRGKDTQYF,1
HPVGDADYFEY,ASSARSGELF,1
HPVGDADYFEY,CASSARSGELFF,1
KLSELHTYI,CASSYGQPNTEAFF,1
KLSELHTYI,CASSFGGASEAFF,1
MLGEQLFPL,CASSFGSGEQFF,1
MLGEQLFPL,CASSYGNTGELFF,1
FLSDHLYLV,CASSFRGNTGELFF,1
FLSDHLYLV,CASSVAGGSGNTIYF,1
FIMGISILL,CASSEMDGSNQPQHF,1
FIMGISILL,CASSYGVNTEAFF,1
KLPLDIDPV,CASTYRDSGNTIYF,1
KLPLDIDPV,CAISRGDTEAFF,1
SLFNTIAVL,ASSDTVSYEQY,1
SLFNTIAVL,CASSDTVSYEQYF,1
LLFGYPVAV,ASRPGLAGGRPEQY,1
LLFGYPVAV,CASRPGLAGGRPEQYF,1
LLFGYAVYV,ASRPGLAGGRPEQY,1
LLFGYAVYV,CASRPGLAGGRPEQYF,1
KLANPLPYT,CSARGGGFETQYF,1
KLANPLPYT,CASSLGPGGASYTF,1
EEYLQAFTY,CASSLGQAYEQYF,1
EEYLQAFTY,ASSLGQAYEQY,1
EVDPIGHLY,CASSFNMATGQYF,1
EVDPIGHLY,ASSFNMATGQY,1
LMVPHSPSL,CASGGDAYEQYF,1
LMVPHSPSL,CASIPVGSRNTIYF,1
LGYGFVNYI,ASRPGLAGGRPEQY,1
LGYGFVNYI,CASRPGLAGGRPEQYF,1
MVWGPDPLYV,CASSLWEKLAKNIQYF,1
MVWGPDPLYV,ASSLWEKLAKNIQY,1
GLYDGMEHL,CASTSYTEAFF,1
GLYDGMEHL,CAGMTVTEAFF,1
ILIVMFPFL,CASSPVGDTQYF,1
ILIVMFPFL,CSVQGNSEAFF,1
LLFGYPRYV,ASRPGLAGGRPEQY,1
LLFGYPRYV,CASRPGLAGGRPEQYF,1
LIIPCIHLI,CASSFPDRGQGVYGYTF,1
LIIPCIHLI,CASSWWLNTEAFF,1
TEDEHFEFY,CSVEDRRGPFYGYTF,1
TEDEHFEFY,CASSNRGYDEQYF,1
SAYGEPRKL,CASRLWFWALEAF,1
SAYGEPRKL,CASLAGQGYNEQF,1
KMDYFSGQL,CASSRDFVSNEQYF,1
KMDYFSGQL,CASSRDTVNTEAFF,1
SMDWFQGQM,CASSRDFVSNEQYF,1
SMDWFQGQM,CASSRDTVNTEAFF,1
GEIYKRWII,CASSHTTGGRTEAFF,1
GEIYKRWII,CASSTKAGGLADTQYF,1
MMDFFNAQM,CASSRDFVSNEQYF,1
MMDFFNAQM,CASSRDTVNTEAFF,1
LMDYWQGQL,CASSRDFVSNEQYF,1
LMDYWQGQL,CASSRDTVNTEAFF,1
FPQGEAREL,CASSPRGRDETQYF,1
FPQGEAREL,CASSPRGREETQYF,1
FQAQHIAMA,CASSLRSSYEQYF,1
FQAQHIAMA,CASSPGGEGEQYF,1
NLQREEYTV,CASSTSAANQPQHF,1
NLQREEYTV,CASSGGTGYEQYF,1
LSEFCRVLCCYVLEE,CASSFATGTAYGYTF,1
LSEFCRVLCCYVLEE,CASSNPQGAKYEQFF,1
YHSIEWA,CASSPGPNQPQHF,1
YHSIEWA,CASTPTGNTEAFF,1
AARAVFLAL,CASLGAQNNEQF,1
AARAVFLAL,CASSYSTGDEQYF,1
WLIRETQPITK,CASSLDFSRQETQYF,1
WLIRETQPITK,CASSLYLASNTGELFF,1
FMPDFDLHL,CASSLYRGTGELFF,1
FMPDFDLHL,CASSESRSGNQPQHF,1
KVDPIGHVY,CASSFDRGYGYTF,1
KVDPIGHVY,CASSSQGGYGYTF,1
NMMWFQGQL,CASSRDFVSNEQYF,1
NMMWFQGQL,CASSRDTVNTEAFF,1
YFFWGLWAL,CASSLIRGSYEQYF,1
YFFWGLWAL,CSARDRNYGYTF,1
GLLDEDFYA,CASSDRNTNYGYTF,1
GLLDEDFYA,CASSMRVQSNTGELFF,1
IMLEALERV,CASSESGRAEAFF,1
IMLEALERV,CASSPGKTEAFF,1
VQIISCQY,CASSGRVTGGFYNEQFF,1
VQIISCQY,CASSFGGAYEQYF,1
CVETMCNEY,CASSLARNQPQHF,1
CVETMCNEY,CASGGADMKTEAFF,1
KTFPPTEPK,CASSRAGTGYNEQFF,1
KTFPPTEPK,CASSPSVYFEVSGANVLTF,1
APRGPHGGAASAL,CASQTFSPGQTQF,1
APRGPHGGAASAL,CAILGQGYGYTF,1
YLRGRAYGL,ASSLGQAYEQY,1
YLRGRAYGL,ASSFTWTSGGATDTQY,1
TLRGRAYGL,ASSLGQAYEQY,1
TLRGRAYGL,ASSFTWTSGGATDTQY,1
KLSGLGINAV,ASRRGSLELV,1
KLSGLGINAV,ASRRSAYLQY,1
ELAGIGILAV,AWSETGLGMGGWQ,1
ELAGIGILAV,RPGWMAGL,1
VQYLGMLPV,CASSQNGSEAAYSNQPQHF,1
VQYLGMLPV,CASSTPGGWNTEAFF,1
ELAGIAILTV,AWSETGLGMGGWQ,1
ELAGIAILTV,RPGWMAGL,1
RVIGMPPPV,CASSIGDYEQYF,1
RVIGMPPPV,CASSTGADLTYEQYF,1
KIILFLPCI,CASSVLNTGELFF,1
KIILFLPCI,CASRGQNTGELFF,1
ALRGMGVNAV,ASRRGSLELV,1
ALRGMGVNAV,ASRRSAYLQY,1
ELAGIGIATV,AWSETGLGMGGWQ,1
ELAGIGIATV,RPGWMAGL,1
QLTSLGLNAV,ASRRGSLELV,1
QLTSLGLNAV,ASRRSAYLQY,1
FLRGRAYVL,ASSLGQAYEQY,1
FLRGRAYVL,ASSFTWTSGGATDTQY,1
MIISHLSLI,CASREQGMNTEAFF,1
MIISHLSLI,CASRPRQVETQYF,1
KLKSLGLNAV,ASRRGSLELV,1
KLKSLGLNAV,ASRRSAYLQY,1
ELAAIGILTV,AWSETGLGMGGWQ,1
ELAAIGILTV,RPGWMAGL,1
APRGPHGGAASGA,CASQTFSPGQTQF,1
APRGPHGGAASGA,CAILGQGYGYTF,1
FMLLTQARL,CASSEDAGNYGYTF,1
FMLLTQARL,CAGWDRTPYEQYF,1
ALAGIGILTV,AWSETGLGMGGWQ,1
ALAGIGILTV,RPGWMAGL,1
APRGPHAGAASGL,CASQTFSPGQTQF,1
APRGPHAGAASGL,CAILGQGYGYTF,1
QLRTLGLNAV,ASRRGSLELV,1
QLRTLGLNAV,ASRRSAYLQY,1
AARGPHGGAASGL,CASQTFSPGQTQF,1
AARGPHGGAASGL,CAILGQGYGYTF,1
NLVAMVATV,ASSPVTGGIYGYT,1
NLVAMVATV,CASSLAPGTTNEKLFF,1
LLFNILGGWV,CASLGLEYEQYF,1
LLFNILGGWV,CATRGGEGQPQHF,1
TSTLQEQIGW,CASSQARGGAETQYF,1
TSTLQEQIGW,CAISRQGARQETQYF,1
QDVEIPPNI,CASSVLNTGELFF,1
QDVEIPPNI,CASRGQNTGELFF,1
SYMIMEIEL,CASSQGIAGSNQPQHF,1
SYMIMEIEL,CASRDHRVIYGYTF,1
FLRGRAFGL,ASSLGQAYEQY,1
FLRGRAFGL,ASSFTWTSGGATDTQY,1
KLVVLGINAV,ASRRGSLELV,1
KLVVLGINAV,ASRRSAYLQY,1
QLRSLGLNAV,ASRRGSLELV,1
QLRSLGLNAV,ASRRSAYLQY,1
RLMKHYPGI,CASSSSSGDEQYF,1
RLMKHYPGI,CASSSNIWSPDTQYF,1
QLSSLGLNAV,ASRRGSLELV,1
QLSSLGLNAV,ASRRSAYLQY,1
APRGPHGGAAAGL,CASQTFSPGQTQF,1
APRGPHGGAAAGL,CAILGQGYGYTF,1
KLSELHAYI,CASSFGGASEAFF,1
RLWEPLRVV,CASSLAAGGGETQYF,1
YMLTLHTKL,CASSFGQEEGQPQHF,1
HIAKSPFEV,CASSSGTGAYEQYF,1
RVRFFFPSL,CASSLASGSNQPQHF,1
NLFNRYLAL,CASSDGNEQFF,1
TLFTMVGTV,CASSPTAEAFF,1
FVYVFTTHL,CASSFNYNEQFF,1
YLVALGINAV,CASSFLGTGLNEQYF,1
KLSHQPVLL,CASSFSATGELFF,1
NLAQTDLATV,CASSHRGSGNTIYF,1
VYFFLPDHL,CASSLLPEGTGRVSGYTF,1
KIFGSLAFL,CASSLEIFGGIADTDTQYF,1
FQDYIKSYL,CASSHHSGGIYNEQFF,1
EFTVSGNIL,CASSPGVGTEAFF,1
YTSEILSPI,CASSALAGGYNEQFF,1
ALLQVTLLL,CASSSTDGYQETQYF,1
FLGIYTVTVV,CSVPGTAYEQYF,1
LLFGLALIEV,CASTWTGEQYF,1
QLCDVMFYL,CASSLFTGTNEQFF,1
EEAAGIGIL,CASSPHAGGVDEKLFF,1
YLYDRLLRV,CASSLDQGAQDNEQFF,1
HQLGGVVEV,CASSMGTGGFYGYTF,1
LLFAAFSSA,CASSQDWAASNSPLHF,1
QLIPCMDVV,CASSPGPYEQYF,1
VLFAAFSSA,CASSQGYEQYF,1
RVSTLRVSL,CASSLSWGSSYNEQFF,1
KLAKPLPYT,CASDPDSLIHNTGELFF,1
RYGSFSVTL,CASSLMGGGNTIYF,1
MEVDPIGHLY,CSANPRTTLYEQYF,1
HQNPVTGLLL,CASSPGREQYF,1
SLLQGSPHV,CASSPPDQVYNEQFF,1
FLWSVFMLI,CASSLAENSGNTIYF,1
GLSPNLNRFL,CASSAGLFPEQFF,1
HIVEISTPV,CASSLRTNSDTQYF,1
HRRGSRSYV,CATSSEDSSNQPQHF,1
YLSNIIPAL,CASSLVSPSEQFF,1
VMIIVSSLAV,CSVGLGQTGTEAFF,1
FQLNQSFEI,CASSGPIVETQYF,1
VLASPSVPL,CASSQGGQDGHGTTNEKLFF,1
ESITGSLGPLL,CASSPGASYEQYF,1
FSFPLDFLV,CASSLTGSSDTQYF,1
LYPEFIASI,CATSFAPGQGEHGYTF,1
KLLAGDEIV,CAISESKGNYGYTF,1
GLLHHAPSL,CASSFEWSYEQYF,1
LVIGMPPPV,CASSTGADLTYEQYF,1
LLIDLTSFLL,CASSESTIVQGYNEQFF,1
ALLETLSLLL,CSARNRDTYYNEQFF,1
MLIGIPVYV,CASSTSTGQGWHYGYTF,1
LLWNTVWNM,CASSSTGGGGELFF,1
RLHDLVFPL,CAITSGFSYEQYF,1
RLHDLVLPL,CATQWTGGHEQYF,1
YLSFYTAEQL,CASRTDRFLGAFF,1
FGDVGSTLF,CASSANRGPDTEAFF,1
EDVPSGKLFMHVTLG,CASAGETQYF,1
SLLLLSVSV,CSVPVFGRGTGELFF,1
KLVALVINAV,CASRRGPYEQYF,1
YLCLQNNFI,CASSLWAGHGYTF,1
YLLPAIVHI,CASSWDYTEQYF,1
ALWGFFPVL,CASSDWVSYEQYF,1
YLQQNWWTL,CASSGLAGFSPQETQYF,1
KLEFMDWRL,CASSPSGLAGSNLGNEQFF,1
VLEEVDWLI,CASSPSGLAGSNLGNEQFF,1
LLQCTQQAV,CASSQDRGIGYGYTF,1
LLFGKPVYV,CASRPGLAGGRPEQYF,1
YMPTTIIAA,CASSWTGDSNQPQHF,1
MLMLAVIVA,CASSLGQGDFGETQYF,1
KVAELVHFL,CATWDSGNIQYF,1
LMDMHNGQL,CASSRDTVNTEAFF,1
TLEYMDWLV,CASSPSGLAGSNLGNEQFF,1
RLLQCTQQAV,CASSPVYGVAYEQYF,1
LPEPLPQGQLTGY,CASPGLAGEYEQYF,1
TLEELDWCL,CASSPSGLAGSNLGNEQFF,1
EMMLFDWKV,CASSPSGLAGSNLGNEQFF,1
TMDFYQGQL,CASSRDFVSNEQYF,1
ALVGAIPSI,CASSFSAREYGYTF,1
AMAVLYLAL,CSAIYREGNTGELFF,1
SMGVTYEM,CASSLVNGLGYTF,1
RMDYNNMQM,CASSRDTVNTEAFF,1
NVEYYDIKL,CASSPSGLAGSNLGNEQFF,1
LPEPLPQGGLTAY,CASPGLAGEYEQYF,1
LPEPLPQAQLTAY,CASPGLAGEYEQYF,1
KQWLVWLFL,CASSRTSPTDTQYF,1
KLTESLHKV,CASSSTRGWADTQYF,1
YMGVVYEM,CASSLVNGLGYTF,1
FMGVTYEM,CASSLVNGLGYTF,1
LPEGLPQGQLTAY,CASPGLAGEYEQYF,1
YMLDLQPETT,CASSLLGLIKETQYF,1
FMYSDFHFI,CASSPTGTGYNEQFF,1
VPLTEDAEL,CASRTRGGTLIEQYF,1
EHEGSGPEL,CASSLAGSKLYEQYF,1
SYMIMEIE,CASRDHRVIYGYTF,1
WLDNFELCL,CASSPSGLAGSNLGNEQFF,1
QTNPVTLQY,CASSLNSGHTQYF,1
YLSHLPLTCKF,CASSPRPLEGLYGYTF,1
TYDTVHRHL,CASSLDREDEQYF,1
VLDLFQGQL,CASSRDTVNTEAFF,1
HIMPDTAEI,CSVRSGNEQFF,1
TLYSLTLLY,CATGTGGNDYEQYF,1
RILLVAASY,CASSLYRGKETQYF,1
LLFGPVYV,CASRPGLAGGRPEQYF,1
SMLGIGIVPV,CASSLSFGTEAFF,1
VLNGTVHPV,CASSESQGDYYGYTF,1
ILCETCLIV,CASSDLPGAPTDTQYF,1
EMLFSHGLVK,CASSPGTVKETQYF,1
AMAGSPVFL,CASSHDDRGPNEKLFF,1
LPEPLPQGQGTAY,CASPGLAGEYEQYF,1
MLFSHGLVK,CAWSAASGGAQDTQYF,1
MMWDRGLGMM,CASSLSFGTEAFF,1
IAMAVLYLA,CASSFGTGGYEQYF,1
MVNTVAGAMK,CASSVGGGVTDTQYF,1
LASYFFWGL,CASSGRSTDTQYF,1
KLVALGINNV,CASSYSPGTGNTIYF,1
WSYDSTLLAY,CASSVERENTGELFF,1
CISSCNPNL,CASSFGGGLQETQYF,1
RSGGFSFGK,CASSPNPQGANMDTQYF,1
FVVPYMIYLL,CASSLSGGLLRTGELFF,1
MPYGYVLNEF,CASRPWTGANEKLFF,1
FSSEVLNLV,CSVRVGTQYF,1
TLREIRRYQK,CASSQEFVGAVLDTQYF,1
SLLLLPVSV,CASSLSYTPHQPQHF,1
RMEQVDWTV,CASSPSGLAGSNLGNEQFF,1
YMGVSYEM,CASSLVNGLGYTF,1
RLDAMNGQL,CASSRDTVNTEAFF,1
SLSKILDTV,CASSPLDVSISSYNEQFF,1
GPEPLPQGQLTAY,CASPGLAGEYEQYF,1
NMEYMTWDV,CASSPSGLAGSNLGNEQFF,1
LPEPLPQGQLGAY,CASPGLAGEYEQYF,1
KLEQLDWTV,CASSPSGLAGSNLGNEQFF,1
KLSEGDLLA,CASDEKLFF,1
KMGVTYEM,CASSLVNGLGYTF,1
EVLPFFLFF,CASSHQAGALYNEQFF,1
FLPDLNVNA,CASSLAYRPYEQYF,1
GMDYHNGHL,CASSRDTVNTEAFF,1
ALGIGILTV,CASSFLGTGVEQYF,1
FRNEGIHL,CASSVGNGASTDTQYF,1
EFFWDANDIY,CASSLGGNLYEQYF,1
DEEDAIAAY,CASSPGGGKETQYF,1
LPEPLGQGQLTAY,CASPGLAGEYEQYF,1
LLEDLDWDV,CASSPSGLAGSNLGNEQFF,1
TMETIDWKV,CASSPSGLAGSNLGNEQFF,1
ALWGPDPAA,CASSLVPLSPEQYF,1
SLDPTTSPV,CASSTINTNSPLHF,1
FLTGIGIITV,AWSETGLGTGELF,1
YIFLGNLAL,CASSGRQGIDTEAFF,1
LPEALPQGQLTAY,ASPGLAGEYEQY,1
ACDPHSGHFV,CASSVVAGFNEQFF,1
ALSYTPVEV,CASSSDRGEQFF,1
FFAGGIGIRTI,AWSETGLGTGELF,1
LLHGFSFYL,CATSTRDTGNEQFF,1
NLVPTVATV,ASSPVTGGIYGYT,1
ELGGIGILTV,RPGWMAGL,1
WLLPAWGV,AWSETGLGTGELF,1
TMSSSHLFYL,CASSLGGGGPQETQYF,1
LTLTPEIAPYF,CASTGSYGYTFGSGTRLTVT,1
DLAGIGILTV,RPGWMAGL,1
ILAAFLHWL,ASSYQGTEAF,1
RLSDFSEQL,CASTPLSNQPQHF,1
LTISPEIPPYF,CASTGSYGYTFGSGTRLTVT,1
KSFVPELKPAF,CASTGSYGYTFGSGTRLTVT,1
SLYNTVATLY,CASSDSLGDRGSYEQYF,1
SSFSPELRMRW,CASTGSYGYTFGSGTRLTVT,1
YIDDVVLGA,CASSYLTGEGDYGYTF,1
NLVPMVAAV,CASSLAPGTTNEKLFF,1
NLVPQVATV,ASSPVTGGIYGYT,1
LPEPLPQGQATAY,ASPGLAGEYEQY,1
EIAGIGILTV,RPGWMAGL,1
FLNVFFPLL,CSAPSYRELAGAYLQETQYF,1
CLGALLTMV,ASSYVSQNNEQF,1
RLLCALTSL,CSALTGNQPQHF,1
FVGEFFTDV,CASSHRGSGNTIYF,1
RIAAWMATY,CASSPGGGASYEQYF,1
LSLRPEIPLFF,CASTGSYGYTFGSGTRLTVT,1
LLYGFVNYV,ASRPGLAGGRPEQY,1
FMLYLVTLM,CASSYGVNTEAFF,1
NSLKPEIPDYF,CASTGSYGYTFGSGTRLTVT,1
GSLAPEIRMYW,CASTGSYGYTFGSGTRLTVT,1
IAGLGLLTV,RPGWMAGL,1
LTITPEIAPFF,CASTGSYGYTFGSGTRLTVT,1
YMDDVVLGA,CASSYLTGEGDYGYTF,1
ELAGIGLLTV,RPGWMAGL,1
HSKKKCDEI,ASSLRGRGDQPQH,1
YVNELVVFV,CASSALAGGYNEQFF,1
FLAGGIGIRTL,AWSETGLGTGELF,1
KSLTPEVRGYW,CASTGSYGYTFGSGTRLTVT,1
YLCSGSSYFV,CASSDGGISYNEQF,1
NLVPVVATV,ASSPVTGGIYGYT,1
ELAGIGIITV,RPGWMAGL,1
APRGPAGGAASGL,CASQTFSPGQTQF,1
FWLLPAWAL,AWSETGLGTGELF,1
LMASISSFL,CASSFGGLYGYTF,1
RSFVPEIGMGF,CASTGSYGYTFGSGTRLTVT,1
SLLQGSPHL,CASSPPDQVYNEQFF,1
ASFSPELRMAW,CASTGSYGYTFGSGTRLTVT,1
GTIRPEIPDYF,CASTGSYGYTFGSGTRLTVT,1
LPEPLPQGALTAY,ASPGLAGEYEQY,1
YVTAMDIFV,CASSYGQPNTEAFF,1
HSRKKCDEL,ASSLRGRGDQPQH,1
KAANIVLTV,CASSPSWLSGVTQYF,1
APRGAHGGAASGL,CAILGQGYGYTF,1
SVASTITGV,CASSYFGGSLSEQYF,1
FLEIYTVTV,CASSDNDWRLQYF,1
FATGIGIITV,AWSETGLGTGELF,1
ELAGIGILSV,RPGWMAGL,1
LSITPEISPYF,CASTGSYGYTFGSGTRLTVT,1
SLVALGINAV,CASSFLGTGLNEQYF,1
LTISPEIPSYF,CASTGSYGYTFGSGTRLTVT,1
GSLSPELRPIF,CASTGSYGYTFGSGTRLTVT,1
WTYRPEVRGVW,CASTGSYGYTFGSGTRLTVT,1
YLCSGSSYF,CASSDGGISYNEQF,1
YLVALGVNAV,CASSFLGTGLNEQYF,1
GIWGFVFTL,ASSSRSSYEQY,1
LSITPEIAPYF,CASTGSYGYTFGSGTRLTVT,1
WLLPTWGV,AWSETGLGTGELF,1
YSFKPELKEIF,CASTGSYGYTFGSGTRLTVT,1
SALRPEIRLLW,CASTGSYGYTFGSGTRLTVT,1
NLVPMVASV,ASSPVTGGIYGYT,1
CLGGLATMV,ASSYVSQNNEQF,1
SSGVPEVRMMF,CASTGSYGYTFGSGTRLTVT,1
NSFRPEVAMKY,CASTGSYGYTFGSGTRLTVT,1
GTIRPEIREMW,CASTGSYGYTFGSGTRLTVT,1
APQPAPENAY,ASPGLAGEYEQY,1
FITGISILL,CASSEMDGSNQPQHF,1
KSLAPEVRDLF,CASTGSYGYTFGSGTRLTVT,1
NLNRCSVPV,CASSLDIGDQPQHF,1
ILITQVLGL,CASSISPSSYEQYF,1
YMVLASPSV,CASSGRQGIDTEAFF,1
KSCTPEVREYF,CASTGSYGYTFGSGTRLTVT,1
YVDDVVLGA,CASSYLTGEGDYGYTF,1
LLYGFVNYI,ASRPGLAGGRPEQY,1
YLDELIKNT,CASSALAGGYNEQFF,1
CLGGLLAMV,ASSYVSQNNEQF,1
RSLAPEVRGYW,CASTGSYGYTFGSGTRLTVT,1
FLPSDFFPSV,CASSRRRDLGNEQFF,1
LTITPEIAPYF,CASTGSYGYTFGSGTRLTVT,1
FWLLGAWAL,AWSETGLGTGELF,1
LGIGVITI,RPGWMAGL,1
YLNELVVFV,CASSYGQPNTEAFF,1
NSVKPEIRPVW,CASTGSYGYTFGSGTRLTVT,1
ILAKFAHWL,ASSYQGTEAF,1
FLRGRFYGL,ASSLGQAYEQY,1
ELAGIGILTI,RPGWMAGL,1
HPVAEADYFEY,ASSARSGELF,1
FMSAYSGVL,CASSLIDSPYEQYF,1
LSGSPELRMIF,CASTGSYGYTFGSGTRLTVT,1
LLFGYPVFV,ASRPGLAGGRPEQY,1
NLVGMVATV,ASSPVTGGIYGYT,1
HSKRKCDEL,ASSLRGRGDQPQH,1
YLQDSLATT,CASSLNTEAFF,1
ELAGIGILTA,RPGWMAGL,1
MLGERLFPL,CASSLDIGDQPQHF,1
KLQCVDLHV,CASSFRGPNLYTEAFF,1
APAGPHGGAASGL,CAILGQGYGYTF,1
AIMDKNIIL,CASSVDGGSQPQHF,1
VYAIFIFQL,CASSFPTSGQETQYF,1
ELAGIGALTV,AWSETGLGMGGWQ,1
WLWEPLRVV,CASTLGQGNTEAFF,1
ALVPMVATV,CASSLAPGTTNEKLFF,1
LTITPEIRPYF,CASTGSYGYTFGSGTRLTVT,1
YVTAMDLFV,CASSYGQPNTEAFF,1
LPLKMLNI,CASSSGQVQETQYF,1
LVFPLVMGV,CASSPTAEAFF,1
YLYDRLLRI,CASSLDQGAQDNEQFF,1
RTYVPEIKHRW,CASTGSYGYTFGSGTRLTVT,1
MVIGIPVYV,CASSTSTGQGWHYGYTF,1
CLAGLLTMV,ASSYVSQNNEQF,1
ASFRPELAEFW,CASTGSYGYTFGSGTRLTVT,1
NLAPMVATV,CASSLAPGTTNEKLFF,1
ALGGLLTMV,ASSYVSQNNEQF,1
LAITPEIAPYF,CASTGSYGYTFGSGTRLTVT,1
VQIISCQY,CASSQNGSEAAYSNQPQHF,0
MPYGYVLNEF,CASSTPGGWNTEAFF,0
VQYLGMLPV,CASNSGPNEKLFF,0
KTVGIYPNA,CASSLGQGYNEQFF,0
KLYGLDWAEL,CASSVEGALTDTQYF,0
RLIKHYPGI,CASSEPGPWAFF,0
YVTAMDIFV,CASSWDRGTYEQYF,0
AQWGPDPAAA,CASSALAGGYNEQFF,0
VQYLGMLPV,CASSTQGTGVYNEQFF,0
LLLNMLIVL,CASSSDRGEQFF,0
SYMIMEIEL,CASSLGQEIPYYGYTF,0
FLTVFSPFM,CASSSPSGYEQYF,0
SLFNTIAVL,CASSSGGAWYTF,0
FSSEVLNLV,CATSGTGGTGELFF,0
YLWPPVQLA,CSVEGLAGRGYNEQFF,0
LPEPLPQGQLTGY,CASSLVRDRHTEAFF,0
VMAPRTLVL,CASSHNRGYEQYF,0
NLVPTVATV,CSAPSYRELAGAYLQETQYF,0
RYPLTLGWCF,CASSRGLQETQYF,0
ILAAFLHWL,CASSIGLNTEAFF,0
SVLENFTILL,CASSLAVQRPSGNTIYF,0
GEEDGAGGHSL,CASSIESGSKQRNEQFF,0
LSEFCRVLCCYVLEE,CASSPRDRVHEQYF,0
ESEERPPTPY,CASSQSETGDGYTF,0
TLNAWVKVV,CASSQGISTGELFF,0
FLNVLFPLL,CASSQEGRQGSYNEQFF,0
YMFLASPSV,CASTHWERVDEQFF,0
AVGSHVYSV,CASSAAGQELGYTF,0
FIDQYYSSI,CASSTSAGFSNQPQHF,0
RLIKHYPGI,CAWSGFSRTEAFF,0
EMLFSHGLVK,CASSLVGGITGELFF,0
RQWGPDPAAV,CASSQDPGNGNTIYF,0
SIIGRLLEV,CASSEELYNEFF,0
SLLLLSVSV,CASSLAGGTEAFF,0
GPGMKARVL,CASSSESGELFF,0
GTIRPEIPDYF,CASGTELMNTEAFF,0
IMLEALERV,CSVELTTYEQYF,0
AMAGSLVFL,CASSSQELTEAFF,0
FLGIYTVTV,CASSIAQGGNQPQHF,0
AVGSHVYSV,CASSEGQGYEQYF,0
LMVPHSPSL,CASSLASEQYF,0
KLLAGVEIV,CASRGTGTGSYEQYF,0
LPEGLPQGQLTAY,CASSTGGDTQYF,0
TMSFSHLFYL,CASSFLSSYNEQFF,0
HRRGSRSYV,CASTLGQGNTEAFF,0
ALAGIGILTV,CSADRPGQSQETQYF,0
IMIEFCPGG,CSARDRGFFRPGELFF,0
KSLAPEVRDLF,CASSQEPSLNTEAFF,0
FLMASISSS,CASSWREGFPYEQYF,0
FMSAYSGVL,CASSLPDRGGTKNIQYF,0
GTSGAPIVNR,CASRNRDPNGYTF,0
KQWLVWLFL,CASSYVNGGAIGGELFF,0
MMDFFNAQM,CASSQESGGGTEAFF,0
AVGSHVYSV,CASSYTGWHEQYF,0
CHIPVEPNT,CASSPGQGYEQYF,0
FQDYIKSYL,CASSVDFGRTYNEQFF,0
FMPDFDLHL,ASSANPGDSSNEKLF,0
EEYLKAWTF,CASSANPGDSSNEKLFF,0
LSITPEISPYF,ASSQDRDTQY,0
RMDYNNMQM,CASSQDRDTQYF,0
WTYRPEVRGVW,CASRDGRVHQPQHF,0
IMIEFCPGG,CASRAVINTDTQYF,0
YVNELVVFV,CASSTTSGGAHNEQFF,0
TLFTMVGTV,CASSLLKAANYGYTF,0
KVDPIGHVY,CASTQGGVDTQYF,0
KLVALVINAV,CASSQGALGYTF,0
FDVMVMPNL,CASSLGGNPTYNEQFF,0
APARLERRHSA,CASSLGDPNTEAFF,0
YLEPGPVAA,CASSQDSHSTSTDTQYF,0
LTITPEIRPYF,CASSWEYEQYF,0
GMDYHNGHL,CATSSFRMTGDNSPLHF,0
YMLTLHTKL,CASSALFSGANVLTF,0
LLYGFVNYI,CSARDWGYEQYF,0
MMDFFNAQM,CASSLAAQGQRVTGELFF,0
TLRGRAYGL,CASSFGGLYGYTF,0
RQFGPDFPTI,CASSGGQGWTDTQYF,0
WLLPAWGV,CSVEAGGVSEAFF,0
LLLNMLIVL,CASSLETGGWETQYF,0
YLDELIRNT,CASMRPTSYEQYF,0
HMTEVVRHC,CSDGTGDGYTF,0
YHSIEWAI,CASSLSWEYEQYF,0
KLSHQLVLL,CASSSQTGPYSNQPQHF,0
KLEQLDWTV,CASSQGLNPGQGLDTEAFF,0
ALWGPDPAAA,CASSLQGSDNEQFF,0
YHSIEWA,CASSLAVQRPSGNTIYF,0
LIFNMFYWI,CSVVGTGSVITNEKLFF,0
NMEYMTWDV,CASSIESGSKQRNEQFF,0
LGYGFVNYI,CASSDLQENQPQHF,0
SIIGRLLEV,CAQGDYNEQFF,0
TAMDIFVTV,CASSMSGWGDTQYF,0
HQLGGVVEV,CSARDPQGFDGYTF,0
FLSDHLYLV,CASGSYEQYF,0
LVMPFSIVYI,CASSPWRGPFQETQYF,0
FQAQHIAMA,CASSYFGGSLSEQYF,0
KQWLVWLFL,CASSYRFDSPLHF,0
HPVGDADYFEY,CASVLGGSSYNEQFF,0
FLGIYTVTV,CASSLGQAYEQYF,0
YMVLASPSV,ASRYRDDSYNEQF,0
FYGKTILWF,CASRYRDDSYNEQFF,0
KLLAGVEIV,CASRYRDDSYNEQF,0
KLYGLDWAEL,CASSVTGRWVPLHF,0
LIFNMLYWI,CASSFASGGYNEQFF,0
ALGGLLTMV,CASSFNTEAFF,0
LYPEFIASI,CASSHSWGETQYF,0
GLYDGMEHL,CASSLAQSDSLAFF,0
QLLVSLWGL,CASSSPDSNNEQFF,0
ALSYTPAEV,CASSIGDYEQYF,0
KLSREIMPV,CASSLIDTGELFF,0
KMGVTYEM,CASHPVGSLTDTQYF,0
GAVECCPNC,CASSPTLYNEQFF,0
SIIGRLLEV,CASSEWVFWSSYNSPLHF,0
ILIVMVPFL,CASSLSYLNEQFF,0
FMPDFDLHL,CSATSGTDTQYF,0
FLDEFMEAV,CASSLGGFAGNTIYF,0
LHMEFCSCC,CASSQEIGMNEKLFF,0
LMMPFSIVYI,CASSSTGALYEQYF,0
SVLENFTILL,CASSLELGDEQFF,0
LMDYWQGQL,CASSLETGDEQYF,0
SYMIMEIEL,CASSQETGDTQYF,0
KMDYFSGQL,CASSQETGDEQYF,0
YHSIEWAI,CASVSGQGVSPLHF,0
ALVPMVATV,CATSRDGAGLVNQPQHF,0
ALEPGPVTA,CASSQGFGANVLTF,0
YLEPGPVAA,CASSQDPGSSYNEQFF,0
YVVTWIVGA,CASSFEPGQGFYSNQPQHF,0
WLIRETQPITK,CASSFEAGQGFFSNQPQHF,0
ILAKFLHWL,CASSYEPGQVSHYSNQPQHF,0
VQYLGMLPV,CASSYLPGQGDHYSNQPQHF,0
LMLWASSSI,CASSPARNTEAFF,0
RLLPLLALL,CASSPHRNTEAFF,0
LLFGYAVYV,CASSQAALAGFGYEQYF,0
VQYLGMFPV,CASSPSRNTEAFF,0
RYGSFSVTL,CASSFEPGQGFYSNQPQHF,0
TYDTVHRHL,CASSFEAGQGFFSNQPQHF,0
VYALIAGATL,CASSYEPGQVSHYSNQPQHF,0
LMDYWQGQL,CASSYLPGQGDHYSNQPQHF,0
FIMGISILL,CASSFEPGQGFYSNQPQHF,0
TEDEHFEFY,CASSFEAGQGFFSNQPQHF,0
LVMPFSIVYI,CASSYEPGQVSHYSNQPQHF,0
NMMWFQGQL,CASSYLPGQGDHYSNQPQHF,0
ALVPMVATV,CASSEGLWQVGDEQYF,0
TAMDLFVTV,CASSLDPGDTGELFF,0
ELAGIGILTI,CAISELVTGDSPLHF,0
MVIGIPVYV,CASSIQQGADTQYF,0
ALWGPDPAA,CASSYRGQSYEQYF,0
NLVAMVATV,CSARDAGGDYGYTF,0
FLFMYLVTV,CASSLVPQGEEQYF,0
GILEFVFTL,CASSEEGAWNTGELFF,0
FLDEFMEAV,CASSLGAAPQETQYF,0
VLDLFQGQL,CASSTRVVAGNNEQFF,0
VMAPRTLIL,CASSLGQGCSNQPQHF,0
YTSEILSPI,CASSRGTLHYGYTF,0
EMMLFDWKV,CAISEVGTGSSGNTIYF,0
FIDCYLLAI,CASRFVAPSDGYNEQFF,0
FQAQHIAMA,CASSLGQGRVEQYF,0
VYFFLPDHL,CAITSGQGNNEQYF,0
GILGLVFTL,CASSSEGQFNEQFF,0
FLASPSVPL,CASSYGIYEQFF,0
YLLPAIVHI,CASSPEGVFNEQFF,0
MMWDRGLGMM,CASSWEGQYNEQFF,0
FLDEFMEGV,CASSVLNTGELFF,0
KINAWIKVV,CASSDTPDLNTEAFF,0
FLKEMGGL,CASRGQNTGELFF,0
RLWEPLRVV,CASRSQNYYGYTF,0
NLQREEYTV,CASSPMTDSTDTQYF,0
MIISHLSLI,CASSQDLGTGNTIYF,0
ALAGIGILTV,CASSPTPGTGETQYF,0
YLVALGINAV,CSADRPGQSQETQYF,0
FDVMVMPNL,CASSPHTEAFF,0
FLFMYLVTV,CASDSNYGYTF,0
GPGMKARVL,CASSLVGADRSGELFF,0
FLNVFFPLL,CASSAFGIVADTQYF,0
RVSTLRVSL,CASSPGTTTNEKLFF,0
ELAGIAILTV,CASSLPLGYEQYF,0
GEIYKRWII,CASSLGTSGIQFF,0
VLNPFIYTL,CASSYRTGSDEQFF,0
GVYDGREHTV,CASSFFPGELFF,0
LLFGKPVYV,CASSGRDRNF,0
KLSGLGINAV,CASSLSGFGNTIYF,0
LLYGFVNYI,CSAETGRDLEAFF,0
AARGPHGGAASGL,CAQGDYNEQFF,0
MMDFFNAQM,CASSQDNNEQFF,0
FMIGYASAL,CASSDQGALSSYEQYF,0
KLVVLGINAV,CASSLSVFPGRAEQYF,0
QLTSLGLNAV,CASSKGLRQFF,0
MLMLAVIVA,CASSYFRQSYEQYF,0
FLFMYLVTV,CASSAGPWGYTF,0
KLSELHAYI,CASSGDKNEAFF,0
LLIASVTWL,CATSRGPTQAPYEETQYF,0
FLFMYLVTV,CASSLVGADRSGELFF,0
FIFSYVVAV,CSARDPVGGSNTGELFF,0
RTYVPEIKHRW,CASSLASGNEQFF,0
VLLGVKLFGV,CASSLNPGTSYEQYF,0
KASEKIFYV,CAISRGDTEAFF,0
FIFSYVVAV,ASRPGLAGGRPEQY,0
ALAGIGILTV,ASSYPGGGFYEQY,0
VLNPFIYTL,CASRPGLAGGRPEQYF,0
YMDGTMSQV,CASSFWGLGELFF,0
TAMDIFVTV,CASSQGWDEQYF,0
VLENFTIFLV,CASSTLSGNYNEQFF,0
KLFEFLVHGV,CSAETGRDLEAFF,0
RHDLPPYRVYL,CASSQGLNPGQGLDTEAFF,0
QLTSLGLNAV,CASSLTGLLNTEAFF,0
HPVAEADYFEY,CASSLGPSLYEQYF,0
LLHGFSFYL,CASSFWSGGTYEQYF,0
ALIHHNTYL,CASSMTVMNTEAFF,0
KLLAGVEIV,CASIGVSYEQYF,0
VLMGGVPGVE,CASNPGTDFNTGELFF,0
ALWGPDPAA,CASSYARDRNTEAFF,0
KLFEFLVHGV,CASSGRQGIDTEAFF,0
APRGPHGGAASAL,CASSPYSGANVLTF,0
SVLENFTIFL,CASSPDRFYEQYF,0
FLWSVFMLI,CASSISTEAFF,0
RQWGPDPAAV,CASSVEGSSYNEQFF,0
SVLENFTILL,CASSLNTEAFF,0
KLANPLPYT,CASSSDQNGDPYEQYF,0
FLNDLLSVM,CASSFLMTSGDYEQYF,0
FLKEQGGL,ASSSDQNSGDPYEQYF,0
ALGIGILTV,CASSLVTGGGEAFF,0
FYGKTILWF,CATSAKTRLNTEAFF,0
GILEFVFTL,CSARQTSGGSSYNEQFF,0
YLLAIFSGL,CASIETESTGELFF,0
RVIGMPPPV,CASSIGTVNRGPNTEAFF,0
LSGSPELRMIF,CASSESSSTGGKWDTQYF,0
RPHERNGFTV,CASSVDGGPQETQYF,0
MEVDPIGHLY,CASSLAYEQYF,0
VQYLGMLPV,CASSFRGEAFF,0
GEIYKRWII,CASSQQGVWGTGELFF,0
SLDLTTSPV,CASSQTIGTGFSNEQFF,0
HSKKKCDEI,CASSLGQGGVGEKLFF,0
KVDPIGHVY,CSAIVFSRGGDEQFF,0
LMVLHSPSL,CASSLRGTGSYEQYF,0
ILDQVPFSV,CASSLQGGGGYTF,0
YLDELIKNT,CASTLGQGNTEAFF,0
FLTVFSPFM,CASSGSGASTDTQYF,0
FILDAVQRV,CASSLPDRGGTKNIQYF,0
FDVMVMPNL,ASSSRSSYEQY,0
MVWGPDPLYV,ASSIRSSYEQY,0
HPVGQADYFEY,CASSIRSSYEQYF,0
APRGPHAGAASGL,CASSIDRTVGNTIYF,0
VVTGVLVYL,CASSLGGGGPQETQYF,0
YMPTTIIAA,CASSPDPSGNEQFF,0
YHSIEWA,ASRTRGGTLIEQY,0
YLQQNWWTL,CASRTRGGTLIEQYF,0
ALIHHNTHL,CASSFRGGKTQYF,0
VLMGGVPGVE,CASSSQTGPYSNQPQHF,0
YMPTTIIAA,CASSLAQSDSLAFF,0
FIMGISILL,CASFNTGELFF,0
ILIVMFPFL,CSARDRSGIDTQYF,0
FIDQYYSSI,CASSDRQGIATGELFF,0
LTISPEIPPYF,CASSFGSGNTIYF,0
ALIHHNTHL,CASSYFRQSYEQYF,0
RCMLQCPSV,CASSAGPWGYTF,0
LMDMHNGQL,CASSGDKNEAFF,0
QTNPVTLQY,CASSVTSDQTQYF,0
CHIPVEPNT,CASSQWGGNEQFF,0
RSLAPEVRGYW,CASSFLLYNEQFF,0
KLKSLGLNAV,CASSYQTGPYSNQPQHF,0
VLENFTIFLV,CSARVQGAYEQYF,0
NLQREEYTV,CSARAGLRESTDTQYF,0
APRGPHGGAASGA,CASSEIASYNEQFF,0
RQFGPDWIVA,CATSRTDISYEQYF,0
SSCMGGMNWR,CASSLFARGGPTDTQYF,0
IPLTEEAEL,CASRPSRGTNYGYTF,0
GLLHHAPSL,CASSERGMVEAFF,0
VLNPFIYTL,CASSPRNLGPSGSYEQYF,0
YTSEILSPI,CASSLVGGTGSVSYQFF,0
IMIEFCPGG,CASSVDGTGGALGNTIYF,0
FLKEMGGL,CAWSWGDSTNSPLHF,0
IPLTEEAEL,CASNLGGGSTDTQYF,0
LMMPFSIVYI,CASSLGTGSTDTQYF,0
LLAMKVPNV,CASSFGSGSTDTQYF,0
LPEGLPQGQLTAY,CSASRDSYEQYF,0
LLFGPVYV,CSAFSSGTGGVTGELFF,0
FLDEFMEAV,CASSPRGDWEEKAGELFF,0
LPEGLPQGQLTAY,CATESTGIGGYTF,0
FIYQYYSSI,CASTDGQKNSPLHF,0
ELAGIAILTV,CASSYNSAGYNEQFF,0
FIDCYLLAI,CASSLVMDNYGYTF,0
RLSDFSEQL,CSVTGTGLFDEQYF,0
ILAAFLHWL,CASSLGQGLSYEQYF,0
CHIPVEPNT,CASSFGQGYEQYF,0
LLFGFPVYV,CATSGGQSNEKLFF,0
SSGVPEVRMMF,CASSPGGTNEKLFF,0
ALRGMGVNAV,CASSVLNTGELFF,0
YLRGRAYGL,CASSDTPDLNTEAFF,0
TLRGRAYGL,CASRGQNTGELFF,0
QLLVSLWGL,CASSPHSGGDPRNEQFF,0
MPYGYVLNEF,CASLEAGGETQYF,0
VPLTEDAEL,CASSESGAAYTGELFF,0
TMSFSHLFYL,CASSVLNTGELFF,0
FLDEFMEAV,CAIRQFDANTGELFF,0
LMVPHSPSL,CASRGQNTGELFF,0
LMVPHSPSL,CASSVLNTGELFF,0
GTSGSPIVDR,CASSIIAGSSYNEQFF,0
LVMPFSIVYI,CASRGQNTGELFF,0
KLQCVDLHV,ASSFIGGTDTQYFG,0
FLNVFFPLL,ASSFIGGTDTQY,0
MMDFFNAQM,ASSIGGPYEQYFG,0
SSCMGGMNWR,ASSFIGGTDTQYFG,0
NLVPMVAAV,ASSFIGGTDTQY,0
KLSGLGINAV,ASSIGGPYEQYFG,0
ILAAFLHWL,CASSQERGGPDTQYF,0
APRGPHGGAASAL,CSVDLEANYGYTF,0
KLNTITAVV,CASSSTGGGEKDQPQHF,0
HIVEISTPV,CASSEIASYNEQFF,0
YMFLASPSV,CATSRTDISYEQYF,0
FDVMVMPNL,CASSLFARGGPTDTQYF,0
YMDGTMSQV,CASSVLNTGELFF,0
NNILIATCV,CASSIIAGSSYNEQFF,0
YLEAGPVTA,CASRGQNTGELFF,0
VLLGVKLFGV,CASSVLNTGELFF,0
AIMDKNIIL,CAIRQFDANTGELFF,0
RLLCALTSL,CASRGQNTGELFF,0
ALAGIGILTV,CASSLGQGLLYGYT,0
FLTGIGIITV,CASTTGGGGYEQY,0
YILEETSVM,CASSLGQGSYEQY,0
LIFNMLYWI,CASSVLNTGELFF,0
LVMPFSIVYI,CASSIIAGSSYNEQFF,0
VLNPFIYTL,CASRGQNTGELFF,0
KSLTPEVRGYW,CASNDRGMFNEQFF,0
LLAIKVPNV,CASSQDQGITEAFF,0
SLVALGINAV,CASSDAGGHTDTQYF,0
EFFWDANDIY,CASSLGQGLLYGYT,0
KLANPLPYT,CASTTGGGGYEQY,0
MVWGPDPLYV,CASSLGQGSYEQY,0
YLQDSMATT,CASSPGPNQPQHF,0
VQYLGMLPV,CASSFRDEDPGNTIYF,0
YVTAMDIFV,CASTPTGNTEAFF,0
YVNELVVFV,CASIETESTGELFF,0
VLLGVKLSGV,CASSIGTVNRGPNTEAFF,0
EEYLQAFTY,CASSESSSTGGKWDTQYF,0
KAANIVLTV,ASSFIGGTDTQYFG,0
KASEKIFYV,ASSFIGGTDTQY,0
HPVGQADYFEY,ASSIGGPYEQYFG,0
SSGVPEVRMMF,CASSLGQGLLYGYT,0
MVIGIPVYV,CASTTGGGGYEQY,0
LAMPFATPM,CASSLGQGSYEQY,0
FLNDLLSVL,CASSVLNTGELFF,0
LSITPEISPYF,CASSIIAGSSYNEQFF,0
GEEDGAGGHSL,CASRGQNTGELFF,0
VQIISCQY,ASSFIGGTDTQYFG,0
MVIGIPVYV,ASSFIGGTDTQY,0
WLSLLVPFV,ASSIGGPYEQYFG,0
AVYDGREHTV,CASSVLNTGELFF,0
TLEELDWCL,CASRGQNTGELFF,0
ESEERPPTPY,CASSILGASNQPQHF,0
RMDYNNMQM,ASSFIGGTDTQYFG,0
KLFEFLVHGV,ASSFIGGTDTQY,0
LGYGFVNYI,ASSIGGPYEQYFG,0
GQFLTPNSH,ASSSWDTGELF,0
FLWSVFMLI,CASSSWDTGELFF,0
QLSSLGLNAV,CASSLNMNTEAFF,0
NLVPMVAAV,CASRNTGTTNEKLFF,0
MLFSHGLVK,CASSSTGADSHEQFF,0
ELAAIGILTV,CASRLVRKKGEDQPQHF,0
FLKEMGGL,CASSQESGGGTEAFF,0
LIFNMFYWI,CASSDNDWRLQYF,0
TAMDLFVTV,CASSDPRGQPNQPQHF,0
RMAAISNTV,CASTQPVDMNTEAFF,0
HMTEVVRHC,ASSSRSSYEQY,0
LLFGFPVYV,CASSSRSSYEQYF,0
WTYRPEVRGVW,ASSDTVSYEQY,0
YFFWGLWAL,CASSDTVSYEQYF,0
QTNPVTLQY,CASSYSPGTGNTIYF,0
YLDELIRNT,CASSLADVGQYDTDTQYF,0
FIFSYVVAV,CASSLGQAYEQYF,0
RYPLTLGWCF,ASSLGQAYEQY,0
EEYLKAWTF,ASSANPGDSSNEKLF,0
TLREIRRYQK,CASSANPGDSSNEKLFF,0
RMAAISNTV,CASSEDAGNYGYTF,0
RLMKHYPGI,CAGWDRTPYEQYF,0
GEEDGAGGHSL,ASRPGLAGGRPEQY,0
FITGISILL,CASRPGLAGGRPEQYF,0
GLYDGMEHL,CASSLWEKLAKNIQYF,0
SSGVPEVRMMF,ASSLWEKLAKNIQY,0
VLLGVKLSGV,CASSFASGGYNEQFF,0
EENLLDFVRF,CASSHSWGETQYF,0
ILAKFAHWL,CASSQGGQDGHGTTNEKLFF,0
ILAAFLHWL,CASIQDRDRPNSPLHF,0
FMLLTQARL,CASSQDWGAEAFF,0
RLIKHYPGI,CASSQEQLGGEQYF,0
ELAGIGLLTV,ASSARSGELF,0
FRNEGIHL,CASSARSGELFF,0
KLSHQLVLL,CATPSRAQYDYGYTF,0
LSGSPELRMIF,CAWSSSVNTEAFF,0
LLFAAFSSA,CASSLWEKLAKNIQYF,0
QLSSLGLNAV,ASSLWEKLAKNIQY,0
FMGVTYEM,CASSLWEKLAKNIQYF,0
KLLAGDEIV,ASSLWEKLAKNIQY,0
YLGGPDFPTI,CASSQAGGTGELFF,0
RYPLTLGWCF,CASSRSTGGSGNTIYF,0
RLLQCTQQAV,CASSENTGELFF,0
VVTGVLVYL,CASRIPDRNEQFF,0
ALSYTPAEV,CASSFNMATGQYF,0
KMGVTYEM,ASSFNMATGQY,0
LSITPEIAPYF,CASSSPRSSRDTDTQYF,0
LPEPLPQGQGTAY,CASSSGYNEQFF,0
WTYRPEVRGVW,CASTPGTSASRDTQYF,0
FLMASISSS,CASSIGGQRYNEQFF,0
RSFVPEIGMGF,CAWSVGNYGYTF,0
QLIPCMDVV,CASSSAGTEAFF,0
MLGERLFPL,CASSLWEKLAKNIQYF,0
VQYLGMLPV,ASSLWEKLAKNIQY,0
ALGIGILTV,CASSLNTEAFF,0
YLEPGAVTA,CASSVDGTEETQYF,0
KLYGLDWAEL,CASSLVTGGGEAFF,0
RVRFFFPSL,CATSAKTRLNTEAFF,0
RMAAISNTV,CASSSSSGDEQYF,0
IPLTEEAEL,CASSSNIWSPDTQYF,0
ILAKFLHWL,CSARNRASYNSPLHF,0
YIDDVVLGA,CSARDWGYEQYF,0
EFFWDANDIY,ASSYQGTEAF,0
LSLRPEIPLFF,CASSYQGTEAFF,0
VLNPFIYTL,CASSQDIGNFEQFF,0
RMAAISNTV,CSALTGNQPQHF,0
SVLENFTILL,CASRPGTSSYEQYF,0
RVIGMPPPV,CASRPGTASYEQYF,0
ARNLVPMVATVQGQN,CASSLWEKLAKNIQYF,0
LPEGLPQGQLTAY,ASSLWEKLAKNIQY,0
VLENFTIFLV,CASSLASQVETQYF,0
LMDYWQGQL,CASSYGLEQYF,0
LMDYWQGQL,CASSMGGTYEQYF,0
LVIGMPPPV,ASSPGGNEQL,0
IPLTEEAEL,CASSFLMTSGDPYEQYF,0
FDVMVMPNL,ASSSDQNSGDPYEQYF,0
APRGAHGGAASGL,CASSLWEKLAKNIQYF,0
MLLKHDVSL,ASSLWEKLAKNIQY,0
ESEERPPTPY,CASSLWEKLAKNIQYF,0
LLQCTQQAV,ASSLWEKLAKNIQY,0
GQFLTPNSH,CASSPWTGAEKLFF,0
AAFKRSCLK,CASSQDRGKDTQYF,0
AMAGSLVFL,ASSARSGELF,0
YHSIEWAI,CASSARSGELFF,0
KLLAGVEIV,CASSYGQPNTEAFF,0
YLEPGPVAA,CASSFGGASEAFF,0
YIFLGNLAL,CASSFGSGEQFF,0
VLNPFIYTL,CASSYGNTGELFF,0
WLLPTWGV,CASSFRGNTGELFF,0
SMGVTYEM,CASSVAGGSGNTIYF,0
QTNPVTLQY,CASSEMDGSNQPQHF,0
IMLEALERV,CASSYGVNTEAFF,0
LHMEFCSCC,CASTYRDSGNTIYF,0
FLKEMGGL,CAISRGDTEAFF,0
VLASPSVPL,ASSDTVSYEQY,0
HPVGDADYFEY,CASSDTVSYEQYF,0
FYGKTILWF,ASRPGLAGGRPEQY,0
ALVGAIPSI,CASRPGLAGGRPEQYF,0
FLASPSVPL,ASRPGLAGGRPEQY,0
SSCMGGMNWR,CASRPGLAGGRPEQYF,0
HQLGGVVEV,CSARGGGFETQYF,0
EENLLDFVRF,CASSLGPGGASYTF,0
ESITGSLGPLL,ASSLGQAYEQY,0
HPVGQADYFEY,CASSFNMATGQYF,0
RQFGPDWIVA,ASSFNMATGQY,0
EMMLFDWKV,CASGGDAYEQYF,0
ESEERPPTPY,CASIPVGSRNTIYF,0
CPSQEPMSIYVY,ASRPGLAGGRPEQY,0
LLFNILGGWV,CASRPGLAGGRPEQYF,0
EIAGIGILTV,CASSLWEKLAKNIQYF,0
VVTGVLVYL,ASSLWEKLAKNIQY,0
SLYNTIATL,CASTSYTEAFF,0
LLAIKVPNV,CAGMTVTEAFF,0
ILAKFAHWL,CASSPVGDTQYF,0
QLRSLGLNAV,CSVQGNSEAFF,0
HIMPDTAEI,ASRPGLAGGRPEQY,0
LLAMKVPNV,CASSFPDRGQGVYGYTF,0
FLPDLNVNA,CASSWWLNTEAFF,0
AVGSHVYSV,CSVEDRRGPFYGYTF,0
FIYQYYSSI,CASSNRGYDEQYF,0
RCMLQCPSV,CASRLWFWALEAF,0
GTSGSPIVDR,CASLAGQGYNEQF,0
RLSDFSEQL,CASSRDFVSNEQYF,0
LIFNMFYWI,CASSRDTVNTEAFF,0
ELGGIGILTV,CASSRDFVSNEQYF,0
APARLERRHSA,CASSRDTVNTEAFF,0
TLRGRAYGL,CASSHTTGGRTEAFF,0
LLAMKVPNV,CASSTKAGGLADTQYF,0
KLSHQLVLL,CASSRDFVSNEQYF,0
GQFLTPNSH,CASSRDTVNTEAFF,0
KLVALGINNV,CASSRDFVSNEQYF,0
LLQCTQQAV,CASSRDTVNTEAFF,0
KLTESLHKV,CASSPRGRDETQYF,0
IMLEALERV,CASSPRGREETQYF,0
NMMWFQGQL,CASSLRSSYEQYF,0
GTSGSPIVDR,CASSPGGEGEQYF,0
GTSGSPIVAR,CASSTSAANQPQHF,0
NMEYMTWDV,CASSGGTGYEQYF,0
MLLKHDVSL,CASSFATGTAYGYTF,0
LIFNMFYWI,CASSNPQGAKYEQFF,0
GTSGSPIVDR,CASSPGPNQPQHF,0
RQWGPDPAAV,CASTPTGNTEAFF,0
VLENFTIFLV,CASLGAQNNEQF,0
GILEFVFTL,CASSYSTGDEQYF,0
TMAAISNTV,CASSLDFSRQETQYF,0
FMIGYASAL,CASSLYLASNTGELFF,0
RYGSFSVTL,CASSLYRGTGELFF,0
KLVALGINNV,CASSESRSGNQPQHF,0
SVLENFTIFL,CASSFDRGYGYTF,0
ELAGIGILAV,CASSSQGGYGYTF,0
FITGISILL,CASSRDFVSNEQYF,0
VLEEVDWLI,CASSRDTVNTEAFF,0
KIILFLPCI,CASSLIRGSYEQYF,0
FQDYIKSYL,CSARDRNYGYTF,0
ALWGPDPAAA,CASSDRNTNYGYTF,0
TEDEHFEFY,CASSMRVQSNTGELFF,0
TAMDIFVTV,CASSESGRAEAFF,0
KLPLDINPV,CASSPGKTEAFF,0
FLKEQGGL,CASSGRVTGGFYNEQFF,0
FLNVLFPLL,CASSFGGAYEQYF,0
ILLDWAANV,CASSLARNQPQHF,0
HIAKSPFEV,CASGGADMKTEAFF,0
VLNPFIYTL,CASSRAGTGYNEQFF,0
LASYFFWGL,CASSPSVYFEVSGANVLTF,0
EEAAGIGIL,CASQTFSPGQTQF,0
GPGMKARVL,CAILGQGYGYTF,0
LPEPLPQGQGTAY,ASSLGQAYEQY,0
LLFGYPRYV,ASSFTWTSGGATDTQY,0
ILIVMFPFL,ASSLGQAYEQY,0
TAMDIFVTV,ASSFTWTSGGATDTQY,0
LMDYWQGQL,ASRRGSLELV,0
FLDEFMEAV,ASRRSAYLQY,0
IPLTEEAEL,AWSETGLGMGGWQ,0
LLIASVTWL,RPGWMAGL,0
KLPLDINPV,CASSQNGSEAAYSNQPQHF,0
QDVEIPPNI,CASSTPGGWNTEAFF,0
GPGMKARVL,AWSETGLGMGGWQ,0
KLFEFLVHGV,RPGWMAGL,0
KLSHQLVLL,CASSIGDYEQYF,0
ALIHHNTYL,CASSTGADLTYEQYF,0
FMLLTQARL,CASSVLNTGELFF,0
YLCLQNNFI,CASRGQNTGELFF,0
RVRFFFPSL,ASRRGSLELV,0
VLMGGVPGVE,ASRRSAYLQY,0
FMLLTQARL,AWSETGLGMGGWQ,0
SLLQGSPHL,RPGWMAGL,0
LMDMHNGQL,ASRRGSLELV,0
VLNGTVHPV,ASRRSAYLQY,0
ALWGPDPAAA,ASSLGQAYEQY,0
LSITPEISPYF,ASSFTWTSGGATDTQY,0
MVIGIPVYV,CASREQGMNTEAFF,0
NLVPMVASV,CASRPRQVETQYF,0
EVDPIGHLY,ASRRGSLELV,0
LLFGFPVYV,ASRRSAYLQY,0
SALRPEIRLLW,AWSETGLGMGGWQ,0
RHDLPPYRVYL,RPGWMAGL,0
EIAGIGILTV,CASQTFSPGQTQF,0
FIMGISILL,CAILGQGYGYTF,0
ARNLVPMVATVQGQN,CASSEDAGNYGYTF,0
ALIHHNTHL,CAGWDRTPYEQYF,0
FLFMYLVTV,AWSETGLGMGGWQ,0
ALEPGPVTA,RPGWMAGL,0
YLEPGPVAA,CASQTFSPGQTQF,0
NSVKPEIRPVW,CAILGQGYGYTF,0
YLEPGPATA,ASRRGSLELV,0
YLGGPDFPTI,ASRRSAYLQY,0
FLASPSVPL,CASQTFSPGQTQF,0
ELAGIGILSV,CAILGQGYGYTF,0
YVVTWIVGA,ASSPVTGGIYGYT,0
QLRSLGLNAV,CASSLAPGTTNEKLFF,0
RLIKHYPGI,CASLGLEYEQYF,0
LMDYWQGQL,CATRGGEGQPQHF,0
FLKEMGGL,CASSQARGGAETQYF,0
LSEFCRVLCCYVLEE,CAISRQGARQETQYF,0
KLVALVINAV,CASSVLNTGELFF,0
FVVPYMIYLL,CASRGQNTGELFF,0
MLFSHGLVK,CASSQGIAGSNQPQHF,0
ALAGIGILTV,CASRDHRVIYGYTF,0
APRGPHGGAASAL,ASSLGQAYEQY,0
WLLPTWGV,ASSFTWTSGGATDTQY,0
SLYNTVATLY,ASRRGSLELV,0
YVTAMDLFV,ASRRSAYLQY,0
QDVEIPPNI,ASRRGSLELV,0
LLIASVTWL,ASRRSAYLQY,0
YLGGPDFPTI,CASSSSSGDEQYF,0
FLPDLNVNA,CASSSNIWSPDTQYF,0
FLKETGGL,ASRRGSLELV,0
AMAGSLVFL,ASRRSAYLQY,0
ALSYTPAEV,CASQTFSPGQTQF,0
FMIGYASAL,CAILGQGYGYTF,0
CLLGTYTQDV,CASSFGGASEAFF,0
ILIVMFPFL,CASSLAAGGGETQYF,0
GTSGSPIVDR,CASSFGQEEGQPQHF,0
TMDFYQGQL,CASSSGTGAYEQYF,0
RIAAWMATY,CASSLASGSNQPQHF,0
NLVAMVATV,CASSDGNEQFF,0
ILAKFLHWL,CASSPTAEAFF,0
KLPLDIDPV,CASSFNYNEQFF,0
IMLEALERV,CASSFLGTGLNEQYF,0
KLLAGDEIV,CASSFSATGELFF,0
FIDQYYSSI,CASSHRGSGNTIYF,0
GLYDGMEHL,CASSLLPEGTGRVSGYTF,0
HPVGDADYFEY,CASSLEIFGGIADTDTQYF,0
YVNELVVFV,CASSHHSGGIYNEQFF,0
VVTGVLVYL,CASSPGVGTEAFF,0
ALSYTPAEV,CASSALAGGYNEQFF,0
LLIDLTSFLL,CASSSTDGYQETQYF,0
VMAPRTLVL,CSVPGTAYEQYF,0
RLMKHYPGI,CASTWTGEQYF,0
SLDLTTSPV,CASSLFTGTNEQFF,0
FLMASISSS,CASSPHAGGVDEKLFF,0
LIFNMLYWI,CASSLDQGAQDNEQFF,0
RLDAMNGQL,CASSMGTGGFYGYTF,0
YLGGPDFPTI,CASSQDWAASNSPLHF,0
SLDPTTSPV,CASSPGPYEQYF,0
YIDDVVLGA,CASSQGYEQYF,0
FLFMYLVTV,CASSLSWGSSYNEQFF,0
YLCSGSSYFV,CASDPDSLIHNTGELFF,0
TMDFYQGQL,CASSLMGGGNTIYF,0
GEIYKRWII,CSANPRTTLYEQYF,0
FMSAYSGVL,CASSPGREQYF,0
KLFEFLVHGV,CASSPPDQVYNEQFF,0
GTSGSPIVDR,CASSLAENSGNTIYF,0
LHMEFCSCC,CASSAGLFPEQFF,0
QDVEIPPNI,CASSLRTNSDTQYF,0
CLLWSFQTSA,CATSSEDSSNQPQHF,0
KLFEFLVHGV,CASSLVSPSEQFF,0
KLANPLPYT,CSVGLGQTGTEAFF,0
TMSSSHLFYL,CASSGPIVETQYF,0
ILLDWAANV,CASSQGGQDGHGTTNEKLFF,0
FRNEGIHL,CASSPGASYEQYF,0
HSKRKCDEL,CASSLTGSSDTQYF,0
YLLPAIVHI,CATSFAPGQGEHGYTF,0
FVVPYMIYLL,CAISESKGNYGYTF,0
WLSLLVPFV,CASSFEWSYEQYF,0
FVVPYMIYLL,CASSTGADLTYEQYF,0
RMAAISNTV,CASSESTIVQGYNEQFF,0
HQNPVTGLLL,CSARNRDTYYNEQFF,0
YVDDVVLGA,CASSTSTGQGWHYGYTF,0
ILCETCLIV,CASSSTGGGGELFF,0
MLWGYLQYV,CAITSGFSYEQYF,0
KIFGSLAFL,CATQWTGGHEQYF,0
ELGGIGILTV,CASRTDRFLGAFF,0
KTFPPTEPK,CASSANRGPDTEAFF,0
SLYNTIATL,CASAGETQYF,0
LAMPFATPM,CSVPVFGRGTGELFF,0
FILDAVQRV,CASRRGPYEQYF,0
KASEKIFYV,CASSLWAGHGYTF,0
NSVKPEIRPVW,CASSWDYTEQYF,0
CVETMCNEY,CASSDWVSYEQYF,0
FVYVFTTHL,CASSGLAGFSPQETQYF,0
SMGVTYEM,CASSPSGLAGSNLGNEQFF,0
ELAGIGILTI,CASSPSGLAGSNLGNEQFF,0
YMLDLQPETT,CASSQDRGIGYGYTF,0
RLIKHYPGI,CASRPGLAGGRPEQYF,0
WTYRPEVRGVW,CASSWTGDSNQPQHF,0
KINAWIKVV,CASSLGQGDFGETQYF,0
FFAGGIGIRTI,CATWDSGNIQYF,0
GAVECCPNC,CASSRDTVNTEAFF,0
ILLDWAANI,CASSPSGLAGSNLGNEQFF,0
MLLKHDVSL,CASSPVYGVAYEQYF,0
FIDCYLLAI,CASPGLAGEYEQYF,0
FVVPYMIYLL,CASSPSGLAGSNLGNEQFF,0
EEYLKAWTF,CASSPSGLAGSNLGNEQFF,0
GSLAPEIRMYW,CASSRDFVSNEQYF,0
SALRPEIRLLW,CASSFSAREYGYTF,0
ILAKFLHWL,CSAIYREGNTGELFF,0
ARNLVPMVATVQGQN,CASSLVNGLGYTF,0
CHIPVEPNT,CASSRDTVNTEAFF,0
GTSGSPIVDR,CASSPSGLAGSNLGNEQFF,0
ELAGIGIATV,CASPGLAGEYEQYF,0
FLSDHLYLV,CASPGLAGEYEQYF,0
LTISPEIPSYF,CASSRTSPTDTQYF,0
FYGKTILWF,CASSSTRGWADTQYF,0
YMLDLQPETT,CASSLVNGLGYTF,0
RTYVPEIKHRW,CASSLVNGLGYTF,0
YLEPGAVTA,CASPGLAGEYEQYF,0
GAVECCPNC,CASSLLGLIKETQYF,0
VMAPRTLIL,CASSPTGTGYNEQFF,0
MMWDRGLGMM,CASRTRGGTLIEQYF,0
KLSELHAYI,CASSLAGSKLYEQYF,0
MVNTVAGAMK,CASRDHRVIYGYTF,0
APRGPHGGAASAL,CASSPSGLAGSNLGNEQFF,0
ALIHHNTYL,CASSLNSGHTQYF,0
ALAGIGILTV,CASSPRPLEGLYGYTF,0
LLIDLTSFLL,CASSLDREDEQYF,0
KASEKIFYV,CASSRDTVNTEAFF,0
QLCDVMFYL,CSVRSGNEQFF,0
MLMLAVIVA,CATGTGGNDYEQYF,0
KSFVPELKPAF,CASSLYRGKETQYF,0
ILIVMVPFL,CASRPGLAGGRPEQYF,0
LPEGLPQGQLTAY,CASSLSFGTEAFF,0
AMAVLYLAL,CASSESQGDYYGYTF,0
GTSGSPIVAR,CASSDLPGAPTDTQYF,0
KLSHQLVLL,CASSPGTVKETQYF,0
KLFEFLVHGV,CASSHDDRGPNEKLFF,0
WLDNFELCL,CASPGLAGEYEQYF,0
ILAKFLHWL,CAWSAASGGAQDTQYF,0
CLGGLLAMV,CASSLSFGTEAFF,0
APRGPHGGAASAL,CASSFGTGGYEQYF,0
KINAWIKVV,CASSVGGGVTDTQYF,0
TLNAWVKVV,CASSGRSTDTQYF,0
HMTEVVRHC,CASSYSPGTGNTIYF,0
LAITPEIAPYF,CASSVERENTGELFF,0
ARNLVPMVATVQGQN,CASSFGGGLQETQYF,0
GVYDGREHTV,CASSPNPQGANMDTQYF,0
LMDYWQGQL,CASSLSGGLLRTGELFF,0
ALIHHNTHL,CASRPWTGANEKLFF,0
ALEPGPVTA,CSVRVGTQYF,0
MEVDPIGHLY,CASSQEFVGAVLDTQYF,0
MMDFFNAQM,CASSLSYTPHQPQHF,0
WLLPTWGV,CASSPSGLAGSNLGNEQFF,0
YLEPGPVAA,CASSLVNGLGYTF,0
LTITPEIAPYF,CASSRDTVNTEAFF,0
WLLPTWGV,CASSPLDVSISSYNEQFF,0
HPVGDADYFEY,CASPGLAGEYEQYF,0
VMAPRTLIL,CASSPSGLAGSNLGNEQFF,0
LIFNMFYWI,CASPGLAGEYEQYF,0
KLVVLGINAV,CASSPSGLAGSNLGNEQFF,0
YMDGTMSQV,CASDEKLFF,0
MMDFFNAQM,CASSLVNGLGYTF,0
ALIHHNTYL,CASSHQAGALYNEQFF,0
GLLDEDFYA,CASSLAYRPYEQYF,0
IPLTEEAEL,CASSRDTVNTEAFF,0
RMAAISNTV,CASSFLGTGVEQYF,0
CPSQEPMSIYVY,CASSVGNGASTDTQYF,0
VMAPRTLIL,CASSLGGNLYEQYF,0
YLCLQNNFI,CASSPGGGKETQYF,0
NLVGMVATV,CASPGLAGEYEQYF,0
ALAGIGILTV,CASSPSGLAGSNLGNEQFF,0
VQIISCQY,CASSPSGLAGSNLGNEQFF,0
FLASPSVPL,CASSLVPLSPEQYF,0
FLKEMGGL,CASSTINTNSPLHF,0
LLYGFVNYI,AWSETGLGTGELF,0
FIFSYVVAV,CASSGRQGIDTEAFF,0
YVTAMDLFV,ASPGLAGEYEQY,0
KLSGLGINAV,CASSVVAGFNEQFF,0
VQIISCQY,CASSSDRGEQFF,0
LLFGFPVYV,AWSETGLGTGELF,0
VVTGVLVYL,CATSTRDTGNEQFF,0
CLLWSFQTSA,ASSPVTGGIYGYT,0
KLVALVINAV,RPGWMAGL,0
LSEFCRVLCCYVLEE,AWSETGLGTGELF,0
KIILFLPCI,CASSLGGGGPQETQYF,0
FMGVTYEM,CASTGSYGYTFGSGTRLTVT,0
SMDWFQGQM,RPGWMAGL,0
ALAGIGILTV,ASSYQGTEAF,0
YHSIEWA,CASTPLSNQPQHF,0
GLYDGMEHL,CASTGSYGYTFGSGTRLTVT,0
MLIGIPVYV,CASTGSYGYTFGSGTRLTVT,0
FLASPSVPL,CASSDSLGDRGSYEQYF,0
YLDELIRNT,CASTGSYGYTFGSGTRLTVT,0
SYMIMEIEL,CASSYLTGEGDYGYTF,0
GTSGSPIVAR,CASSLAPGTTNEKLFF,0
EEYLQAFTY,ASSPVTGGIYGYT,0
TMAAISNTV,ASPGLAGEYEQY,0
YVTAMDLFV,RPGWMAGL,0
APRGPHGGAASGA,CSAPSYRELAGAYLQETQYF,0
FQAQHIAMA,ASSYVSQNNEQF,0
FATGIGIITV,CSALTGNQPQHF,0
FLRGRFYGL,CASSHRGSGNTIYF,0
ARNLVPMVATVQGQN,CASSPGGGASYEQYF,0
LLFGPVYV,CASTGSYGYTFGSGTRLTVT,0
ELAGIGILTI,ASRPGLAGGRPEQY,0
GTSGSPIVDR,CASSYGVNTEAFF,0
QLIPCMDVV,CASTGSYGYTFGSGTRLTVT,0
WLWEPLRVV,CASTGSYGYTFGSGTRLTVT,0
HIMPDTAEI,RPGWMAGL,0
FQDYIKSYL,CASTGSYGYTFGSGTRLTVT,0
GAVECCPNC,CASSYLTGEGDYGYTF,0
SILDAVQRV,RPGWMAGL,0
GPEPLPQGQLTAY,ASSLRGRGDQPQH,0
KSFVPELKPAF,CASSALAGGYNEQFF,0
GPGMKARVL,AWSETGLGTGELF,0
KLAKPLPYT,CASTGSYGYTFGSGTRLTVT,0
FATGIGIITV,CASSDGGISYNEQF,0
YMPTTIIAA,ASSPVTGGIYGYT,0
YLLAIFSGL,RPGWMAGL,0
YLEPGPATA,CASQTFSPGQTQF,0
FLKEMGGL,AWSETGLGTGELF,0
KLNTITAVV,CASSFGGLYGYTF,0
LLFNILGGWV,CASTGSYGYTFGSGTRLTVT,0
ELAGIGIITV,CASSPPDQVYNEQFF,0
FMYSDFHFI,CASTGSYGYTFGSGTRLTVT,0
LMASISSFL,CASTGSYGYTFGSGTRLTVT,0
FMPDFDLHL,ASPGLAGEYEQY,0
FRNEGIHL,CASSYGQPNTEAFF,0
KLVVLGINAV,ASSLRGRGDQPQH,0
GPGMKARVL,CASSPSWLSGVTQYF,0
GTIRPEIREMW,CAILGQGYGYTF,0
YLQDSMATT,CASSYFGGSLSEQYF,0
RQFGPDWIVA,CASSDNDWRLQYF,0
YLWPPVQLA,AWSETGLGTGELF,0
RMAAISNTV,RPGWMAGL,0
TLNAWVKVV,CASTGSYGYTFGSGTRLTVT,0
LTITPEIAPYF,CASSFLGTGLNEQYF,0
ALIHHNTYL,CASTGSYGYTFGSGTRLTVT,0
EHEGSGPEL,CASTGSYGYTFGSGTRLTVT,0
SMDWFQGQM,CASTGSYGYTFGSGTRLTVT,0
LIIPCIHLI,CASSDGGISYNEQF,0
GTSGSPIVAR,CASSFLGTGLNEQYF,0
YLVALGINAV,ASSSRSSYEQY,0
FLRGRAFGL,CASTGSYGYTFGSGTRLTVT,0
GAVECCPNC,AWSETGLGTGELF,0
QLTSLGLNAV,CASTGSYGYTFGSGTRLTVT,0
RPHERNGFTV,CASTGSYGYTFGSGTRLTVT,0
SSFSPELRMRW,ASSPVTGGIYGYT,0
KLYGLDWAEL,ASSYVSQNNEQF,0
VQYLGMFPV,CASTGSYGYTFGSGTRLTVT,0
YLLFMIGYA,CASTGSYGYTFGSGTRLTVT,0
MVWGPDPLYV,CASTGSYGYTFGSGTRLTVT,0
AARAVFLAL,ASPGLAGEYEQY,0
TAMDIFVTV,CASSEMDGSNQPQHF,0
FIMGISILL,CASTGSYGYTFGSGTRLTVT,0
VYAIFIFQL,CASSLDIGDQPQHF,0
ASFSPELRMAW,CASSISPSSYEQYF,0
LMVPHSPSL,CASSGRQGIDTEAFF,0
ILGGQVVHTV,CASTGSYGYTFGSGTRLTVT,0
APRGPAGGAASGL,CASSYLTGEGDYGYTF,0
TEDEHFEFY,ASRPGLAGGRPEQY,0
HIMPDTAEI,CASSALAGGYNEQFF,0
VLASPSVPL,ASSYVSQNNEQF,0
VLASPSVPL,CASTGSYGYTFGSGTRLTVT,0
FLDEFMEGV,CASSRRRDLGNEQFF,0
KINAWIKVV,CASTGSYGYTFGSGTRLTVT,0
CLLGTYTQDV,AWSETGLGTGELF,0
KLLAGVEIV,RPGWMAGL,0
EFFWDANDIY,CASSYGQPNTEAFF,0
QDVEIPPNI,CASTGSYGYTFGSGTRLTVT,0
YLEPGPVAA,ASSYQGTEAF,0
KVDPIGHVY,ASSLGQAYEQY,0
YMGVVYEM,RPGWMAGL,0
SMDWFQGQM,ASSARSGELF,0
YLQQNWWTL,CASSLIDSPYEQYF,0
EEYLQAFTY,ASRPGLAGGRPEQY,0
NLQREEYTV,ASSPVTGGIYGYT,0
YMDDVVLGA,ASSLRGRGDQPQH,0
ILGGQVVHTV,CASSLNTEAFF,0
LPEGLPQGQLTAY,RPGWMAGL,0
FLFMYLVTV,CASSLDIGDQPQHF,0
KTVGIYPNA,CASSFRGPNLYTEAFF,0
FPQGEAREL,CAILGQGYGYTF,0
LLAMKVPNV,CASSVDGGSQPQHF,0
TMETIDWKV,CASSFPTSGQETQYF,0
HQNPVTGLLL,AWSETGLGMGGWQ,0
NLQREEYTV,CASTLGQGNTEAFF,0
TLSKPSPMPV,CASSLAPGTTNEKLFF,0
KLYGLDWAEL,CASTGSYGYTFGSGTRLTVT,0
NLVAMVATV,CASSYGQPNTEAFF,0
ALRGMGVNAV,CASSSGQVQETQYF,0
HQNPVTGLLL,CASSPTAEAFF,0
FMGVTYEM,CASSLDQGAQDNEQFF,0
CLAGLLTMV,CASTGSYGYTFGSGTRLTVT,0
VMAPRTLIL,CASSTSTGQGWHYGYTF,0
VYAIFIFQL,ASSYVSQNNEQF,0
LVFPLVMGV,CASTGSYGYTFGSGTRLTVT,0
FLKEQGGL,CASSLAPGTTNEKLFF,0
FILDAVQRV,ASSYVSQNNEQF,0
YQFGPDFPIA,CASTGSYGYTFGSGTRLTVT,0
KLYGLDWAEL,CASSLGQAYEQYF,0
ALWGPDPAA,CASRPGLAGGRPEQYF,0
FQAQHIAMA,CASTGSYGYTFGSGTRLTVT,0
